ds,trend,yhat_lower,yhat_upper,trend_lower,trend_upper,additive_terms,additive_terms_lower,additive_terms_upper,weekly,weekly_lower,weekly_upper,multiplicative_terms,multiplicative_terms_lower,multiplicative_terms_upper,yhat
2023-08-01,0.95383839,-1.8073223013384176,2.3866079613508853,0.95383839,0.95383839,-0.6718873949191196,-0.6718873949191196,-0.6718873949191196,-0.6718873949191196,-0.6718873949191196,-0.6718873949191196,0.0,0.0,0.0,0.2819509950808804
2023-08-02,0.974364177150838,-2.154394994310829,2.266242493730002,0.974364177150838,0.974364177150838,-1.0001800426043146,-1.0001800426043146,-1.0001800426043146,-1.0001800426043146,-1.0001800426043146,-1.0001800426043146,0.0,0.0,0.0,0.0
2023-08-03,0.994889964301676,-1.8628491037993773,2.6138173957153668,0.994889964301676,0.994889964301676,-0.48279798000234353,-0.48279798000234353,-0.48279798000234353,-0.48279798000234353,-0.48279798000234353,-0.48279798000234353,0.0,0.0,0.0,0.5120919842993324
2023-08-04,1.015415751452514,-1.5763822281975728,2.6381756198848456,1.015415751452514,1.015415751452514,-0.5420159264274961,-0.5420159264274961,-0.5420159264274961,-0.5420159264274961,-0.5420159264274961,-0.5420159264274961,0.0,0.0,0.0,0.4733998250250179
2023-08-05,1.035941538603352,-1.8141065510928587,2.589869185319511,1.035941538603352,1.035941538603352,-0.7165875460966324,-0.7165875460966324,-0.7165875460966324,-0.7165875460966324,-0.7165875460966324,-0.7165875460966324,0.0,0.0,0.0,0.3193539925067195
2023-08-06,1.05646732575419,0.8660877551070858,5.189465298048368,1.05646732575419,1.05646732575419,1.9366780588438237,1.9366780588438237,1.9366780588438237,1.9366780588438237,1.9366780588438237,1.9366780588438237,0.0,0.0,0.0,2.9931453845980136
2023-08-07,1.0769931129050279,0.22155312030027274,4.7009488969224735,1.0769931129050279,1.0769931129050279,1.4767908312087727,1.4767908312087727,1.4767908312087727,1.4767908312087727,1.4767908312087727,1.4767908312087727,0.0,0.0,0.0,2.5537839441138006
2023-08-08,1.0975189036814585,-1.629793409998854,2.694422721293512,1.0975189036814585,1.0975189036814585,-0.6718873949209501,-0.6718873949209501,-0.6718873949209501,-0.6718873949209501,-0.6718873949209501,-0.6718873949209501,0.0,0.0,0.0,0.4256315087605085
2023-08-09,1.1180446944578895,-1.8939440746428395,2.3267940882003675,1.1180446944578895,1.1180446944578895,-1.0001800426086074,-1.0001800426086074,-1.0001800426086074,-1.0001800426086074,-1.0001800426086074,-1.0001800426086074,0.0,0.0,0.0,0.11786465184928208
2023-08-10,1.1385704852343204,-1.3614332883870832,2.9333913294373213,1.1385704852343204,1.1385704852343204,-0.48279798000111107,-0.48279798000111107,-0.48279798000111107,-0.48279798000111107,-0.48279798000111107,-0.48279798000111107,0.0,0.0,0.0,0.6557725052332093
2023-08-11,1.159096276010751,-1.4127399479379357,2.846245905394125,1.159096276010751,1.159096276010751,-0.5420159264278721,-0.5420159264278721,-0.5420159264278721,-0.5420159264278721,-0.5420159264278721,-0.5420159264278721,0.0,0.0,0.0,0.6170803495828789
2023-08-12,1.1796220667871817,-1.7661532697501254,2.6889285500986966,1.1796220667871817,1.1796220667871817,-0.7165875460956042,-0.7165875460956042,-0.7165875460956042,-0.7165875460956042,-0.7165875460956042,-0.7165875460956042,0.0,0.0,0.0,0.4630345206915776
2023-08-13,1.200147857472483,0.9663109613720654,5.264546068391137,1.200147857472483,1.200147857472483,1.936678058844802,1.936678058844802,1.936678058844802,1.936678058844802,1.936678058844802,1.936678058844802,0.0,0.0,0.0,3.136825916317285
2023-08-14,1.2206736481577845,0.5231443559992276,4.92655077157243,1.2206736481577845,1.2206736481577845,1.4767908312095845,1.4767908312095845,1.4767908312095845,1.4767908312095845,1.4767908312095845,1.4767908312095845,0.0,0.0,0.0,2.697464479367369
2023-08-15,1.2411994388430858,-1.692399453697839,2.7697429611235203,1.2411994388430858,1.2411994388430858,-0.6718873949152727,-0.6718873949152727,-0.6718873949152727,-0.6718873949152727,-0.6718873949152727,-0.6718873949152727,0.0,0.0,0.0,0.5693120439278131
2023-08-16,1.2617252295283872,-1.8507910506727188,2.335841068042014,1.2617252295283872,1.2617252295283872,-1.0001800426056209,-1.0001800426056209,-1.0001800426056209,-1.0001800426056209,-1.0001800426056209,-1.0001800426056209,0.0,0.0,0.0,0.2615451869227663
2023-08-17,1.2822510202136885,-1.322046166774314,2.907049219147099,1.2822510202136885,1.2822510202136885,-0.4827979799998787,-0.4827979799998787,-0.4827979799998787,-0.4827979799998787,-0.4827979799998787,-0.4827979799998787,0.0,0.0,0.0,0.7994530402138098
2023-08-18,1.30277681089899,-1.5187100780055858,2.881854680301175,1.30277681089899,1.30277681089899,-0.5420159264288773,-0.5420159264288773,-0.5420159264288773,-0.5420159264288773,-0.5420159264288773,-0.5420159264288773,0.0,0.0,0.0,0.7607608844701126
2023-08-19,1.323302599939193,-1.5848671772707166,2.8510060061217297,1.323302599939193,1.323302599939193,-0.7165875460942919,-0.7165875460942919,-0.7165875460942919,-0.7165875460942919,-0.7165875460942919,-0.7165875460942919,0.0,0.0,0.0,0.6067150538449011
2023-08-20,1.3438283889793956,1.2375926033212057,5.454831195978709,1.3438283889793956,1.3438283889793956,1.9366780588401011,1.9366780588401011,1.9366780588401011,1.9366780588401011,1.9366780588401011,1.9366780588401011,0.0,0.0,0.0,3.280506447819497
2023-08-21,1.3643541780195982,0.5741587057317914,4.752042264549809,1.3643541780195982,1.3643541780195982,1.4767908312068525,1.4767908312068525,1.4767908312068525,1.4767908312068525,1.4767908312068525,1.4767908312068525,0.0,0.0,0.0,2.8411450092264507
2023-08-22,1.384879967059801,-1.44683855388063,3.0999948665007544,1.384879967059801,1.384879967059801,-0.6718873949171031,-0.6718873949171031,-0.6718873949171031,-0.6718873949171031,-0.6718873949171031,-0.6718873949171031,0.0,0.0,0.0,0.712992572142698
2023-08-23,1.405405756100004,-1.7675578894350161,2.643738649148486,1.405405756100004,1.405405756100004,-1.0001800426064857,-1.0001800426064857,-1.0001800426064857,-1.0001800426064857,-1.0001800426064857,-1.0001800426064857,0.0,0.0,0.0,0.4052257134935182
2023-08-24,1.4259315451402066,-1.2113426701303598,3.1462391965399785,1.4259315451402066,1.4259315451402066,-0.4827979800000642,-0.4827979800000642,-0.4827979800000642,-0.4827979800000642,-0.4827979800000642,-0.4827979800000642,0.0,0.0,0.0,0.9431335651401425
2023-08-25,1.4464573342148057,-1.4001255480337598,2.960694678367914,1.4464573342148057,1.4464573342148057,-0.5420159264286241,-0.5420159264286241,-0.5420159264286241,-0.5420159264286241,-0.5420159264286241,-0.5420159264286241,0.0,0.0,0.0,0.9044414077861817
2023-08-26,1.4669831232894048,-1.4853991414001144,2.896235416951262,1.4669831232894048,1.4669831232894048,-0.7165875460995668,-0.7165875460995668,-0.7165875460995668,-0.7165875460995668,-0.7165875460995668,-0.7165875460995668,0.0,0.0,0.0,0.7503955771898381
2023-08-27,1.487508912364004,1.3337738849505747,5.574542581156264,1.487508912364004,1.487508912364004,1.936678058839939,1.936678058839939,1.936678058839939,1.936678058839939,1.936678058839939,1.936678058839939,0.0,0.0,0.0,3.4241869712039428
2023-08-28,1.5080347014386029,0.9950416055790677,5.002858365792832,1.5080347014386029,1.5080347014386029,1.4767908312041211,1.4767908312041211,1.4767908312041211,1.4767908312041211,1.4767908312041211,1.4767908312041211,0.0,0.0,0.0,2.984825532642724
2023-08-29,1.528560490513202,-1.4151246796760961,3.0233963662596723,1.528560490513202,1.528560490513202,-0.6718873949168813,-0.6718873949168813,-0.6718873949168813,-0.6718873949168813,-0.6718873949168813,-0.6718873949168813,0.0,0.0,0.0,0.8566730955963207
2023-08-30,1.5490862795878009,-1.5949102023487223,2.638010661478036,1.5490862795878009,1.5490862795878009,-1.000180042605425,-1.000180042605425,-1.000180042605425,-1.000180042605425,-1.000180042605425,-1.000180042605425,0.0,0.0,0.0,0.5489062369823758
2023-08-31,1.5696104159505002,-1.0741123581793242,3.318142299155564,1.5696104159505002,1.5696104159505002,-0.4827979799995877,-0.4827979799995877,-0.4827979799995877,-0.4827979799995877,-0.4827979799995877,-0.4827979799995877,0.0,0.0,0.0,1.0868124359509126
2023-09-01,1.5901345523132002,-1.025478066611045,3.317075109423325,1.5901345523132002,1.5901345523132002,-0.5420159264296294,-0.5420159264296294,-0.5420159264296294,-0.5420159264296294,-0.5420159264296294,-0.5420159264296294,0.0,0.0,0.0,1.0481186258835709
2023-09-02,1.6106586886758998,-1.367821222096749,2.987796742185581,1.6106586886758998,1.6106586886758998,-0.7165875460982546,-0.7165875460982546,-0.7165875460982546,-0.7165875460982546,-0.7165875460982546,-0.7165875460982546,0.0,0.0,0.0,0.8940711425776452
2023-09-03,1.6311828250385993,1.344010721644421,5.667310850628632,1.6311828250385993,1.6311828250385993,1.9366780588420585,1.9366780588420585,1.9366780588420585,1.9366780588420585,1.9366780588420585,1.9366780588420585,0.0,0.0,0.0,3.567860883880658
2023-09-04,1.651706961401299,0.9052354875593269,5.328499209042985,1.651706961401299,1.651706961401299,1.476790831203161,1.476790831203161,1.476790831203161,1.476790831203161,1.476790831203161,1.476790831203161,0.0,0.0,0.0,3.1284977926044597
2023-09-05,1.6722310979380381,-1.1197909300075106,3.2787210728400686,1.6722310979380381,1.6722310979380381,-0.671887394913256,-0.671887394913256,-0.671887394913256,-0.671887394913256,-0.671887394913256,-0.671887394913256,0.0,0.0,0.0,1.0003437030247821
2023-09-06,1.6927552344747776,-1.4824412756884555,2.9131803316965335,1.6927552344747776,1.6927552344747776,-1.0001800426043643,-1.0001800426043643,-1.0001800426043643,-1.0001800426043643,-1.0001800426043643,-1.0001800426043643,0.0,0.0,0.0,0.6925751918704133
2023-09-07,1.7132793710115168,-1.0271886671867483,3.41429718484281,1.7132793710115168,1.7132793710115168,-0.4827979800011911,-0.4827979800011911,-0.4827979800011911,-0.4827979800011911,-0.4827979800011911,-0.4827979800011911,0.0,0.0,0.0,1.2304813910103256
2023-09-08,1.733803507548256,-0.9880707424123507,3.4017818500758574,1.733803507548256,1.733803507548256,-0.542015926430635,-0.542015926430635,-0.542015926430635,-0.542015926430635,-0.542015926430635,-0.542015926430635,0.0,0.0,0.0,1.191787581117621
2023-09-09,1.7543276440849953,-1.0693144700948716,3.154862402908264,1.7543276440849953,1.7543276440849953,-0.7165875460972262,-0.7165875460972262,-0.7165875460972262,-0.7165875460972262,-0.7165875460972262,-0.7165875460972262,0.0,0.0,0.0,1.0377400979877691
2023-09-10,1.7748517806217345,1.6026567553205846,5.697051640924452,1.7748517806217345,1.7748517806217345,1.9366780588430375,1.9366780588430375,1.9366780588430375,1.9366780588430375,1.9366780588430375,1.9366780588430375,0.0,0.0,0.0,3.711529839464772
2023-09-11,1.7953759170821826,1.190220363184677,5.372081473175261,1.7953759170821826,1.7953759170821826,1.4767908312079372,1.4767908312079372,1.4767908312079372,1.4767908312079372,1.4767908312079372,1.4767908312079372,0.0,0.0,0.0,3.27216674829012
2023-09-12,1.8159000535426306,-1.1544751576804206,3.360637793372526,1.8159000535426306,1.8159000535426306,-0.6718873949130344,-0.6718873949130344,-0.6718873949130344,-0.6718873949130344,-0.6718873949130344,-0.6718873949130344,0.0,0.0,0.0,1.1440126586295962
2023-09-13,1.8364241900030787,-1.2900173536236146,3.051251007856466,1.8364241900030787,1.8364241900030787,-1.0001800426033036,-1.0001800426033036,-1.0001800426033036,-1.0001800426033036,-1.0001800426033036,-1.0001800426033036,0.0,0.0,0.0,0.836244147399775
2023-09-14,1.8569483264635267,-0.6584890528289606,3.662882214912715,1.8569483264635267,1.8569483264635267,-0.4827979799999587,-0.4827979799999587,-0.4827979799999587,-0.4827979799999587,-0.4827979799999587,-0.4827979799999587,0.0,0.0,0.0,1.374150346463568
2023-09-15,1.8774724629239747,-0.9105786226788286,3.3414393410207888,1.8774724629239747,1.8774724629239747,-0.5420159264310107,-0.5420159264310107,-0.5420159264310107,-0.5420159264310107,-0.5420159264310107,-0.5420159264310107,0.0,0.0,0.0,1.335456536492964
2023-09-16,1.897996599384423,-0.9669408912406853,3.2889433669538124,1.897996599384423,1.897996599384423,-0.7165875461027849,-0.7165875461027849,-0.7165875461027849,-0.7165875461027849,-0.7165875461027849,-0.7165875461027849,0.0,0.0,0.0,1.1814090532816381
2023-09-17,1.9185207357669243,1.7330872516016036,5.987969569224156,1.9185207357669243,1.9185207357669243,1.936678058844016,1.936678058844016,1.936678058844016,1.936678058844016,1.936678058844016,1.936678058844016,0.0,0.0,0.0,3.8551987946109403
2023-09-18,1.9390448721494251,1.125740506121263,5.5137508885375555,1.9390448721494251,1.9390448721494251,1.4767908312087492,1.4767908312087492,1.4767908312087492,1.4767908312087492,1.4767908312087492,1.4767908312087492,0.0,0.0,0.0,3.4158357033581743
2023-09-19,1.9595690085319264,-0.7565183368789463,3.5740941008874567,1.9595690085319264,1.9595690085319264,-0.6718873949169166,-0.6718873949169166,-0.6718873949169166,-0.6718873949169166,-0.6718873949169166,-0.6718873949169166,0.0,0.0,0.0,1.2876816136150098
2023-09-20,1.9800931449144277,-1.2200774956012632,3.065941593912502,1.9800931449144277,1.9800931449144277,-1.0001800426041683,-1.0001800426041683,-1.0001800426041683,-1.0001800426041683,-1.0001800426041683,-1.0001800426041683,0.0,0.0,0.0,0.9799131023102594
2023-09-21,2.0006172812969285,-0.6866600583546525,3.6770079506871793,2.0006172812969285,2.0006172812969285,-0.48279798000014423,-0.48279798000014423,-0.48279798000014423,-0.48279798000014423,-0.48279798000014423,-0.48279798000014423,0.0,0.0,0.0,1.5178193012967842
2023-09-22,2.0211414176301403,-0.8301217837736259,3.632088236295141,2.0211414176301403,2.0211414176301403,-0.5420159264285269,-0.5420159264285269,-0.5420159264285269,-0.5420159264285269,-0.5420159264285269,-0.5420159264285269,0.0,0.0,0.0,1.4791254912016134
2023-09-23,2.0416655539633513,-0.7317252401452099,3.495065416162975,2.0416655539633513,2.0416655539633513,-0.7165875461017566,-0.7165875461017566,-0.7165875461017566,-0.7165875461017566,-0.7165875461017566,-0.7165875461017566,0.0,0.0,0.0,1.3250780078615947
2023-09-24,2.0621896902965626,2.002649049598241,6.128561132668205,2.0621896902965626,2.0621896902965626,1.936678058844995,1.936678058844995,1.936678058844995,1.936678058844995,1.936678058844995,1.936678058844995,0.0,0.0,0.0,3.9988677491415574
2023-09-25,2.0827138266297736,1.3458534554581794,5.522088167206785,2.0827138266297736,2.0827138266297736,1.4767908312060174,1.4767908312060174,1.4767908312060174,1.4767908312060174,1.4767908312060174,1.4767908312060174,0.0,0.0,0.0,3.5595046578357907
2023-09-26,2.103237962962985,-0.6657443399342275,3.5830714946158806,2.103237962962985,2.103237962962985,-0.671887394916695,-0.671887394916695,-0.671887394916695,-0.671887394916695,-0.671887394916695,-0.671887394916695,0.0,0.0,0.0,1.43135056804629
2023-09-27,2.1237620992961963,-1.1124954195472714,3.4075149264944113,2.1237620992961963,2.1237620992961963,-1.0001800426065353,-1.0001800426065353,-1.0001800426065353,-1.0001800426065353,-1.0001800426065353,-1.0001800426065353,0.0,0.0,0.0,1.123582056689661
2023-09-28,2.1442862356969625,-0.494162803605446,3.9233144710162753,2.1442862356969625,2.1442862356969625,-0.4827979800003298,-0.4827979800003298,-0.4827979800003298,-0.4827979800003298,-0.4827979800003298,-0.4827979800003298,0.0,0.0,0.0,1.6614882556966326
2023-09-29,2.1648103720977288,-0.6041879592780762,3.748845493462034,2.1648103720977288,2.1648103720977288,-0.5420159264282736,-0.5420159264282736,-0.5420159264282736,-0.5420159264282736,-0.5420159264282736,-0.5420159264282736,0.0,0.0,0.0,1.6227944456694552
2023-09-30,2.1853345084984945,-0.6884926758109984,3.4967042509282797,2.1853345084984945,2.1853345084984945,-0.7165875461001605,-0.7165875461001605,-0.7165875461001605,-0.7165875461001605,-0.7165875461001605,-0.7165875461001605,0.0,0.0,0.0,1.468746962398334
2023-10-01,2.2058586448992608,1.9938478379456996,6.333245071727064,2.2058586448992608,2.2058586448992608,1.9366780588471146,1.9366780588471146,1.9366780588471146,1.9366780588471146,1.9366780588471146,1.9366780588471146,0.0,0.0,0.0,4.142536703746376
2023-10-02,2.226382781300027,1.5304266329227358,5.782532880298678,2.226382781300027,2.226382781300027,1.476790831205058,1.476790831205058,1.476790831205058,1.476790831205058,1.476790831205058,1.476790831205058,0.0,0.0,0.0,3.703173612505085
2023-10-03,2.2469069177007928,-0.5387180299461909,3.603012694696922,2.2469069177007928,2.2469069177007928,-0.6718873949164732,-0.6718873949164732,-0.6718873949164732,-0.6718873949164732,-0.6718873949164732,-0.6718873949164732,0.0,0.0,0.0,1.5750195227843196
2023-10-04,2.2674310534441604,-1.029378711729015,3.569010027895541,2.2674310534441604,2.2674310534441604,-1.0001800426074006,-1.0001800426074006,-1.0001800426074006,-1.0001800426074006,-1.0001800426074006,-1.0001800426074006,0.0,0.0,0.0,1.2672510108367598
2023-10-05,2.287955189187528,-0.28886168832280124,3.979769365920948,2.287955189187528,2.287955189187528,-0.4827979800005153,-0.4827979800005153,-0.4827979800005153,-0.4827979800005153,-0.4827979800005153,-0.4827979800005153,0.0,0.0,0.0,1.8051572091870127
2023-10-06,2.308479324930896,-0.39651596633729885,3.8333782767473936,2.308479324930896,2.308479324930896,-0.5420159264292789,-0.5420159264292789,-0.5420159264292789,-0.5420159264292789,-0.5420159264292789,-0.5420159264292789,0.0,0.0,0.0,1.7664633985016174
2023-10-07,2.329003460674264,-0.4646022763412146,3.658090342746109,2.329003460674264,2.329003460674264,-0.7165875460991322,-0.7165875460991322,-0.7165875460991322,-0.7165875460991322,-0.7165875460991322,-0.7165875460991322,0.0,0.0,0.0,1.6124159145751316
2023-10-08,2.3495275964176314,2.1496545442530324,6.3239996781988035,2.3495275964176314,2.3495275964176314,1.9366780588412724,1.9366780588412724,1.9366780588412724,1.9366780588412724,1.9366780588412724,1.9366780588412724,0.0,0.0,0.0,4.286205655258904
2023-10-09,2.3700517321609995,1.7114745716821096,6.057892465344456,2.3700517321609995,2.3700517321609995,1.4767908312116056,1.4767908312116056,1.4767908312116056,1.4767908312116056,1.4767908312116056,1.4767908312116056,0.0,0.0,0.0,3.846842563372605
2023-10-10,2.3905758681160516,-0.3682229042345849,3.944232945526333,2.3905758681160516,2.3905758681160516,-0.6718873949203554,-0.6718873949203554,-0.6718873949203554,-0.6718873949203554,-0.6718873949203554,-0.6718873949203554,0.0,0.0,0.0,1.7186884731956962
2023-10-11,2.4111000040711037,-0.7780799084353673,3.5186463981083067,2.4111000040711037,2.4111000040711037,-1.000180042604414,-1.000180042604414,-1.000180042604414,-1.000180042604414,-1.000180042604414,-1.000180042604414,0.0,0.0,0.0,1.4109199614666896
2023-10-12,2.4316241400261562,-0.1827672977481468,4.1803605281464185,2.4316241400261562,2.4316241400261562,-0.4827979799992829,-0.4827979799992829,-0.4827979799992829,-0.4827979799992829,-0.4827979799992829,-0.4827979799992829,0.0,0.0,0.0,1.9488261600268733
2023-10-13,2.4521482759812088,-0.3583067503066484,3.9579777780447145,2.4521482759812088,2.4521482759812088,-0.542015926426795,-0.542015926426795,-0.542015926426795,-0.542015926426795,-0.542015926426795,-0.542015926426795,0.0,0.0,0.0,1.9101323495544138
2023-10-14,2.472672411936261,-0.3326775621716146,3.8993989053575397,2.472672411936261,2.472672411936261,-0.7165875460981039,-0.7165875460981039,-0.7165875460981039,-0.7165875460981039,-0.7165875460981039,-0.7165875460981039,0.0,0.0,0.0,1.756084865838157
2023-10-15,2.493196546024307,2.2676570418360034,6.441104663130209,2.493196546024307,2.493196546024307,1.9366780588433925,1.9366780588433925,1.9366780588433925,1.9366780588433925,1.9366780588433925,1.9366780588433925,0.0,0.0,0.0,4.429874604867699
2023-10-16,2.5137206801123524,1.9129520018596413,6.28338387909546,2.5137206801123524,2.5137206801123524,1.4767908312106457,1.4767908312106457,1.4767908312106457,1.4767908312106457,1.4767908312106457,1.4767908312106457,0.0,0.0,0.0,3.990511511322998
2023-10-17,2.534244814200398,-0.38470604247403833,4.119349733194167,2.534244814200398,2.534244814200398,-0.6718873949201338,-0.6718873949201338,-0.6718873949201338,-0.6718873949201338,-0.6718873949201338,-0.6718873949201338,0.0,0.0,0.0,1.862357419280264
2023-10-18,2.554768948288444,-0.5026488498275016,3.778900326848928,2.554768948288444,2.554768948288444,-1.000180042605279,-1.000180042605279,-1.000180042605279,-1.000180042605279,-1.000180042605279,-1.000180042605279,0.0,0.0,0.0,1.554588905683165
2023-10-19,2.57529308237649,-0.10906775132089114,4.255016490959013,2.57529308237649,2.57529308237649,-0.4827979800016423,-0.4827979800016423,-0.4827979800016423,-0.4827979800016423,-0.4827979800016423,-0.4827979800016423,0.0,0.0,0.0,2.0924951023748477
2023-10-20,2.5958172164645354,-0.04583359217677047,4.079378195783462,2.5958172164645354,2.5958172164645354,-0.5420159264278005,-0.5420159264278005,-0.5420159264278005,-0.5420159264278005,-0.5420159264278005,-0.5420159264278005,0.0,0.0,0.0,2.053801290036735
2023-10-21,2.616341350290272,-0.2621804013943343,4.109419858108723,2.616341350290272,2.616341350290272,-0.7165875460965079,-0.7165875460965079,-0.7165875460965079,-0.7165875460965079,-0.7165875460965079,-0.7165875460965079,0.0,0.0,0.0,1.8997538041937643
2023-10-22,2.636865484116009,2.464384062956897,6.656139981555254,2.636865484116009,2.636865484116009,1.93667805884323,1.93667805884323,1.93667805884323,1.93667805884323,1.93667805884323,1.93667805884323,0.0,0.0,0.0,4.573543542959239
2023-10-23,2.657389617941745,2.035702256991379,6.282597280726263,2.657389617941745,2.657389617941745,1.4767908312096862,1.4767908312096862,1.4767908312096862,1.4767908312096862,1.4767908312096862,1.4767908312096862,0.0,0.0,0.0,4.134180449151431
2023-10-24,2.6779137517674814,-0.028415183576843337,4.305904133878869,2.6779137517674814,2.6779137517674814,-0.6718873949144565,-0.6718873949144565,-0.6718873949144565,-0.6718873949144565,-0.6718873949144565,-0.6718873949144565,0.0,0.0,0.0,2.0060263568530248
2023-10-25,2.6984378855932176,-0.2747378959727059,3.8500543408269223,2.6984378855932176,2.6984378855932176,-1.0001800426061438,-1.0001800426061438,-1.0001800426061438,-1.0001800426061438,-1.0001800426061438,-1.0001800426061438,0.0,0.0,0.0,1.6982578429870738
2023-10-26,2.7189620194189548,0.10477860556646346,4.406175235054465,2.7189620194189548,2.7189620194189548,-0.4827979800004098,-0.4827979800004098,-0.4827979800004098,-0.4827979800004098,-0.4827979800004098,-0.4827979800004098,0.0,0.0,0.0,2.236164039418545
2023-10-27,2.7394861533524777,-0.18185406590341108,4.297608548647472,2.7394861533524777,2.7394861533524777,-0.5420159264281764,-0.5420159264281764,-0.5420159264281764,-0.5420159264281764,-0.5420159264281764,-0.5420159264281764,0.0,0.0,0.0,2.197470226924301
2023-10-28,2.760010287286001,-0.07420554936698721,4.311510583767111,2.760010287286001,2.760010287286001,-0.7165875460954796,-0.7165875460954796,-0.7165875460954796,-0.7165875460954796,-0.7165875460954796,-0.7165875460954796,0.0,0.0,0.0,2.0434227411905215
2023-10-29,2.780534421219525,2.5707258903621795,6.809867924229083,2.780534421219525,2.780534421219525,1.93667805884535,1.93667805884535,1.93667805884535,1.93667805884535,1.93667805884535,1.93667805884535,0.0,0.0,0.0,4.717212480064875
2023-10-30,2.8010585551530487,2.190564092454198,6.414948455935558,2.8010585551530487,2.8010585551530487,1.4767908312087263,1.4767908312087263,1.4767908312087263,1.4767908312087263,1.4767908312087263,1.4767908312087263,0.0,0.0,0.0,4.277849386361775
2023-10-31,2.821582689086572,-0.003870250213950829,4.270806986086317,2.821582689086572,2.821582689086572,-0.6718873949142348,-0.6718873949142348,-0.6718873949142348,-0.6718873949142348,-0.6718873949142348,-0.6718873949142348,0.0,0.0,0.0,2.1496952941723375
2023-11-01,2.842106823020096,-0.2610713398167414,4.091830632424192,2.842106823020096,2.842106823020096,-1.0001800426031573,-1.0001800426031573,-1.0001800426031573,-1.0001800426031573,-1.0001800426031573,-1.0001800426031573,0.0,0.0,0.0,1.8419267804169386
2023-11-02,2.862630956730683,0.1907693487786956,4.5491576987307525,2.862630956730683,2.862630956730683,-0.48279798000201335,-0.48279798000201335,-0.48279798000201335,-0.48279798000201335,-0.48279798000201335,-0.48279798000201335,0.0,0.0,0.0,2.3798329767286694
2023-11-03,2.8831550904412717,0.2545374121046471,4.558127215878887,2.8831550904412717,2.8831550904412717,-0.5420159264285525,-0.5420159264285525,-0.5420159264285525,-0.5420159264285525,-0.5420159264285525,-0.5420159264285525,0.0,0.0,0.0,2.341139164012719
2023-11-04,2.903679224151859,0.005323878686465318,4.2534456297429575,2.903679224151859,2.903679224151859,-0.7165875461010383,-0.7165875461010383,-0.7165875461010383,-0.7165875461010383,-0.7165875461010383,-0.7165875461010383,0.0,0.0,0.0,2.187091678050821
2023-11-05,2.924203357862447,2.7112725780623084,7.050464744589041,2.924203357862447,2.924203357862447,1.936678058838367,1.936678058838367,1.936678058838367,1.936678058838367,1.936678058838367,1.936678058838367,0.0,0.0,0.0,4.860881416700814
2023-11-06,2.944727491573035,2.163398161861138,6.628121703595479,2.944727491573035,2.944727491573035,1.4767908312059943,1.4767908312059943,1.4767908312059943,1.4767908312059943,1.4767908312059943,1.4767908312059943,0.0,0.0,0.0,4.421518322779029
2023-11-07,2.965251625381274,0.09584140788674897,4.496114830491815,2.965251625381274,2.965251625381274,-0.6718873949160652,-0.6718873949160652,-0.6718873949160652,-0.6718873949160652,-0.6718873949160652,-0.6718873949160652,0.0,0.0,0.0,2.293364230465209
2023-11-08,2.985775759189514,-0.16916909015144962,4.191074284593636,2.985775759189514,2.985775759189514,-1.0001800426040222,-1.0001800426040222,-1.0001800426040222,-1.0001800426040222,-1.0001800426040222,-1.0001800426040222,0.0,0.0,0.0,1.985595716585492
2023-11-09,3.0062998929977525,0.19400220458350503,4.578576001346756,3.0062998929977525,3.0062998929977525,-0.48279798000153684,-0.48279798000153684,-0.48279798000153684,-0.48279798000153684,-0.48279798000153684,-0.48279798000153684,0.0,0.0,0.0,2.5235019129962155
2023-11-10,3.026824026805992,0.357955829426875,4.604049581321551,3.026824026805992,3.026824026805992,-0.5420159264289285,-0.5420159264289285,-0.5420159264289285,-0.5420159264289285,-0.5420159264289285,-0.5420159264289285,0.0,0.0,0.0,2.4848081003770637
2023-11-11,3.047348160614231,0.02384071841180627,4.379772875380046,3.047348160614231,3.047348160614231,-0.7165875461000099,-0.7165875461000099,-0.7165875461000099,-0.7165875461000099,-0.7165875461000099,-0.7165875461000099,0.0,0.0,0.0,2.3307606145142215
2023-11-12,3.06787229442247,2.8307925292933405,7.249290959749976,3.06787229442247,3.06787229442247,1.9366780588404864,1.9366780588404864,1.9366780588404864,1.9366780588404864,1.9366780588404864,1.9366780588404864,0.0,0.0,0.0,5.004550353262957
2023-11-13,3.0883964284868433,2.5977678558006287,6.720484064764442,3.0883964284868433,3.0883964284868433,1.4767908312068063,1.4767908312068063,1.4767908312068063,1.4767908312068063,1.4767908312068063,1.4767908312068063,0.0,0.0,0.0,4.56518725969365
2023-11-14,3.108920562551215,0.14378030187884083,4.578035013323163,3.108920562551215,3.108920562551215,-0.6718873949178954,-0.6718873949178954,-0.6718873949178954,-0.6718873949178954,-0.6718873949178954,-0.6718873949178954,0.0,0.0,0.0,2.4370331676333192
2023-11-15,3.1294446966155878,-0.1500059604657213,4.121418649032819,3.1294446966155878,3.1294446966155878,-1.0001800426063892,-1.0001800426063892,-1.0001800426063892,-1.0001800426063892,-1.0001800426063892,-1.0001800426063892,0.0,0.0,0.0,2.129264654009199
2023-11-16,3.14996883067996,0.6009197615646956,4.823297857405361,3.14996883067996,3.14996883067996,-0.48279798000172236,-0.48279798000172236,-0.48279798000172236,-0.48279798000172236,-0.48279798000172236,-0.48279798000172236,0.0,0.0,0.0,2.6671708506782377
2023-11-17,3.1704929647443327,0.553627059053174,4.904254069816034,3.1704929647443327,3.1704929647443327,-0.5420159264299339,-0.5420159264299339,-0.5420159264299339,-0.5420159264299339,-0.5420159264299339,-0.5420159264299339,0.0,0.0,0.0,2.628477038314399
2023-11-18,3.1910170988087048,0.19812937203523145,4.57011599108968,3.1910170988087048,3.1910170988087048,-0.7165875460986979,-0.7165875460986979,-0.7165875460986979,-0.7165875460986979,-0.7165875460986979,-0.7165875460986979,0.0,0.0,0.0,2.474429552710007
2023-11-19,3.21154123286607,2.98755075745165,7.157573177242844,3.21154123286607,3.21154123286607,1.936678058842606,1.936678058842606,1.936678058842606,1.936678058842606,1.936678058842606,1.936678058842606,0.0,0.0,0.0,5.148219291708676
2023-11-20,3.232065366923434,2.5964952312907355,6.912385371026555,3.232065366923434,3.232065366923434,1.4767908312115825,1.4767908312115825,1.4767908312115825,1.4767908312115825,1.4767908312115825,1.4767908312115825,0.0,0.0,0.0,4.708856198135017
2023-11-21,3.2525895009807986,0.36830941022805325,4.664882363504093,3.2525895009807986,3.2525895009807986,-0.6718873949197257,-0.6718873949197257,-0.6718873949197257,-0.6718873949197257,-0.6718873949197257,-0.6718873949197257,0.0,0.0,0.0,2.580702106061073
2023-11-22,3.273113635038163,0.15449242745032288,4.4739065065796035,3.273113635038163,3.273113635038163,-1.0001800426053284,-1.0001800426053284,-1.0001800426053284,-1.0001800426053284,-1.0001800426053284,-1.0001800426053284,0.0,0.0,0.0,2.2729335924328344
2023-11-23,3.2936377690955276,0.6896610712484494,4.9441590799157,3.2936377690955276,3.2936377690955276,-0.48279798000048996,-0.48279798000048996,-0.48279798000048996,-0.48279798000048996,-0.48279798000048996,-0.48279798000048996,0.0,0.0,0.0,2.810839789095038
2023-11-24,3.314161903189874,0.6144399706915287,4.903625063471123,3.314161903189874,3.314161903189874,-0.5420159264296804,-0.5420159264296804,-0.5420159264296804,-0.5420159264296804,-0.5420159264296804,-0.5420159264296804,0.0,0.0,0.0,2.7721459767601937
2023-11-25,3.334686037284219,0.5785307672694452,4.703208672268448,3.334686037284219,3.334686037284219,-0.7165875460973856,-0.7165875460973856,-0.7165875460973856,-0.7165875460973856,-0.7165875460973856,-0.7165875460973856,0.0,0.0,0.0,2.6180984911868332
2023-11-26,3.3552101713785647,3.194026470486833,7.494510398657447,3.3552101713785647,3.3552101713785647,1.936678058842444,1.936678058842444,1.936678058842444,1.936678058842444,1.936678058842444,1.936678058842444,0.0,0.0,0.0,5.291888230221009
2023-11-27,3.3757343054729105,2.727663562933295,7.051723351999604,3.3757343054729105,3.3757343054729105,1.4767908312106226,1.4767908312106226,1.4767908312106226,1.4767908312106226,1.4767908312106226,1.4767908312106226,0.0,0.0,0.0,4.852525136683533
2023-11-28,3.396258439567256,0.5876035952399636,4.808012286794183,3.396258439567256,3.396258439567256,-0.6718873949195039,-0.6718873949195039,-0.6718873949195039,-0.6718873949195039,-0.6718873949195039,-0.6718873949195039,0.0,0.0,0.0,2.724371044647752
2023-11-29,3.416782573661601,0.2855193359455773,4.436001400102735,3.416782573661601,3.416782573661601,-1.000180042604268,-1.000180042604268,-1.000180042604268,-1.000180042604268,-1.000180042604268,-1.000180042604268,0.0,0.0,0.0,2.416602531057333
2023-11-30,3.4373067078148622,0.7373759076233954,5.242918208505599,3.4373067078148622,3.4373067078148622,-0.48279797999925755,-0.48279797999925755,-0.48279797999925755,-0.48279797999925755,-0.48279797999925755,-0.48279797999925755,0.0,0.0,0.0,2.954508727815605
2023-12-01,3.4578308419681223,0.6456810175464684,5.074109269017561,3.4578308419681223,3.4578308419681223,-0.5420159264278259,-0.5420159264278259,-0.5420159264278259,-0.5420159264278259,-0.5420159264278259,-0.5420159264278259,0.0,0.0,0.0,2.915814915540296
2023-12-02,3.478354976121384,0.5919732561800394,4.826508910104509,3.478354976121384,3.478354976121384,-0.7165875461026603,-0.7165875461026603,-0.7165875461026603,-0.7165875461026603,-0.7165875461026603,-0.7165875461026603,0.0,0.0,0.0,2.7617674300187236
2023-12-03,3.498879110274645,3.2022703132194557,7.404822367352197,3.498879110274645,3.498879110274645,1.936678058844564,1.936678058844564,1.936678058844564,1.936678058844564,1.936678058844564,1.936678058844564,0.0,0.0,0.0,5.435557169119209
2023-12-04,3.5194032444279055,2.8632330045898335,7.003562707897813,3.5194032444279055,3.5194032444279055,1.4767908312078908,1.4767908312078908,1.4767908312078908,1.4767908312078908,1.4767908312078908,1.4767908312078908,0.0,0.0,0.0,4.996194075635796
2023-12-05,3.539927378581167,0.7423056715895681,5.1570553115425035,3.539927378581167,3.539927378581167,-0.6718873949233863,-0.6718873949233863,-0.6718873949233863,-0.6718873949233863,-0.6718873949233863,-0.6718873949233863,0.0,0.0,0.0,2.8680399836577806
2023-12-06,3.5604515123724374,0.4330696273903917,4.655307013029607,3.5604515123724374,3.5604515123724374,-1.000180042606635,-1.000180042606635,-1.000180042606635,-1.000180042606635,-1.000180042606635,-1.000180042606635,0.0,0.0,0.0,2.5602714697658024
2023-12-07,3.5809756461637083,0.9598815697176635,5.172102190850627,3.5809756461637083,3.5809756461637083,-0.48279798000086094,-0.48279798000086094,-0.48279798000086094,-0.48279798000086094,-0.48279798000086094,-0.48279798000086094,0.0,0.0,0.0,3.0981776661628473
2023-12-08,3.6014997799549793,0.8937526893329228,5.3773137224218805,3.6014997799549793,3.6014997799549793,-0.5420159264282021,-0.5420159264282021,-0.5420159264282021,-0.5420159264282021,-0.5420159264282021,-0.5420159264282021,0.0,0.0,0.0,3.0594838535267774
2023-12-09,3.6220239137462498,0.7780066279584759,5.100331452872638,3.6220239137462498,3.6220239137462498,-0.7165875461016319,-0.7165875461016319,-0.7165875461016319,-0.7165875461016319,-0.7165875461016319,-0.7165875461016319,0.0,0.0,0.0,2.9054363676446178
2023-12-10,3.6425480475375203,3.5026923703501103,7.643595580566025,3.6425480475375203,3.6425480475375203,1.9366780588455423,1.9366780588455423,1.9366780588455423,1.9366780588455423,1.9366780588455423,1.9366780588455423,0.0,0.0,0.0,5.579226106383063
2023-12-11,3.6630721813287916,3.2496397610975194,7.334829479926021,3.6630721813287916,3.6630721813287916,1.4767908312051592,1.4767908312051592,1.4767908312051592,1.4767908312051592,1.4767908312051592,1.4767908312051592,0.0,0.0,0.0,5.139863012533951
2023-12-12,3.6835963151081885,0.8581684073199443,5.025308267253213,3.6835963151081885,3.6835963151081885,-0.671887394915657,-0.671887394915657,-0.671887394915657,-0.671887394915657,-0.671887394915657,-0.671887394915657,0.0,0.0,0.0,3.0117089201925316
2023-12-13,3.7041204488875854,0.43794895011442525,4.820937763132664,3.7041204488875854,3.7041204488875854,-1.000180042605574,-1.000180042605574,-1.000180042605574,-1.000180042605574,-1.000180042605574,-1.000180042605574,0.0,0.0,0.0,2.7039404062820114
2023-12-14,3.7246445826669827,1.2364331539583506,5.432557405549064,3.7246445826669827,3.7246445826669827,-0.4827979799996286,-0.4827979799996286,-0.4827979799996286,-0.4827979799996286,-0.4827979799996286,-0.4827979799996286,0.0,0.0,0.0,3.241846602667354
2023-12-15,3.74516871644638,1.1760061777079132,5.448191135722775,3.74516871644638,3.74516871644638,-0.5420159264292074,-0.5420159264292074,-0.5420159264292074,-0.5420159264292074,-0.5420159264292074,-0.5420159264292074,0.0,0.0,0.0,3.203152790017173
2023-12-16,3.7656928502257774,1.044475595056638,5.275485024528014,3.7656928502257774,3.7656928502257774,-0.7165875461003199,-0.7165875461003199,-0.7165875461003199,-0.7165875461003199,-0.7165875461003199,-0.7165875461003199,0.0,0.0,0.0,3.049105304125457
2023-12-17,3.7862169839330684,3.616487363817376,7.925259426327569,3.7862169839330684,3.7862169839330684,1.9366780588397003,1.9366780588397003,1.9366780588397003,1.9366780588397003,1.9366780588397003,1.9366780588397003,0.0,0.0,0.0,5.722895042772769
2023-12-18,3.8067411176403603,3.2493060959105566,7.477916379346328,3.8067411176403603,3.8067411176403603,1.4767908312059714,1.4767908312059714,1.4767908312059714,1.4767908312059714,1.4767908312059714,1.4767908312059714,0.0,0.0,0.0,5.283531948846331
2023-12-19,3.8272652513476513,0.8890687401682674,5.340518503775632,3.8272652513476513,3.8272652513476513,-0.6718873949195393,-0.6718873949195393,-0.6718873949195393,-0.6718873949195393,-0.6718873949195393,-0.6718873949195393,0.0,0.0,0.0,3.155377856428112
2023-12-20,3.847789385054943,0.7120269924245074,4.9839774160051,3.847789385054943,3.847789385054943,-1.000180042606439,-1.000180042606439,-1.000180042606439,-1.000180042606439,-1.000180042606439,-1.000180042606439,0.0,0.0,0.0,2.8476093424485045
2023-12-21,3.8683135187622346,1.3203572650551538,5.583979250945247,3.8683135187622346,3.8683135187622346,-0.4827979799998141,-0.4827979799998141,-0.4827979799998141,-0.4827979799998141,-0.4827979799998141,-0.4827979799998141,0.0,0.0,0.0,3.3855155387624203
2023-12-22,3.8888376524695256,1.3233163693632073,5.740760491495195,3.8888376524695256,3.8888376524695256,-0.5420159264302128,-0.5420159264302128,-0.5420159264302128,-0.5420159264302128,-0.5420159264302128,-0.5420159264302128,0.0,0.0,0.0,3.346821726039313
2023-12-23,3.9093617861554266,1.0906112308964817,5.429005909444872,3.9093617861554266,3.9093617861554266,-0.7165875460992915,-0.7165875460992915,-0.7165875460992915,-0.7165875460992915,-0.7165875460992915,-0.7165875460992915,0.0,0.0,0.0,3.192774240056135
2023-12-24,3.9298859198413263,3.7415058062027153,7.945762191546164,3.9298859198413263,3.9298859198413263,1.9366780588406791,1.9366780588406791,1.9366780588406791,1.9366780588406791,1.9366780588406791,1.9366780588406791,0.0,0.0,0.0,5.866563978682006
2023-12-25,3.950410053527227,3.0287301391215267,7.536329809797498,3.950410053527227,3.950410053527227,1.476790831203239,1.476790831203239,1.476790831203239,1.476790831203239,1.476790831203239,1.476790831203239,0.0,0.0,0.0,5.427200884730466
2023-12-26,3.9709341872131265,1.0664204126118435,5.528304076329217,3.9709341872131265,3.9709341872131265,-0.6718873949193177,-0.6718873949193177,-0.6718873949193177,-0.6718873949193177,-0.6718873949193177,-0.6718873949193177,0.0,0.0,0.0,3.299046792293809
2023-12-27,3.991458320899027,0.9189817454565848,5.178768634282928,3.991458320899027,3.991458320899027,-1.0001800426053784,-1.0001800426053784,-1.0001800426053784,-1.0001800426053784,-1.0001800426053784,-1.0001800426053784,0.0,0.0,0.0,2.991278278293649
2023-12-28,4.011982454584927,1.456468622177439,5.597544482366956,4.011982454584927,4.011982454584927,-0.48279798000075547,-0.48279798000075547,-0.48279798000075547,-0.48279798000075547,-0.48279798000075547,-0.48279798000075547,0.0,0.0,0.0,3.5291844745841714
2023-12-29,4.032506588270826,1.3363004087509116,5.497887083176282,4.032506588270826,4.032506588270826,-0.5420159264299593,-0.5420159264299593,-0.5420159264299593,-0.5420159264299593,-0.5420159264299593,-0.5420159264299593,0.0,0.0,0.0,3.490490661840867
2023-12-30,4.053030721956727,1.2207327537233557,5.3984905222540105,4.053030721956727,4.053030721956727,-0.7165875460976956,-0.7165875460976956,-0.7165875460976956,-0.7165875460976956,-0.7165875460976956,-0.7165875460976956,0.0,0.0,0.0,3.3364431758590314
2023-12-31,4.073554855642627,3.823299529033361,7.96624630780776,4.073554855642627,4.073554855642627,1.9366780588427988,1.9366780588427988,1.9366780588427988,1.9366780588427988,1.9366780588427988,1.9366780588427988,0.0,0.0,0.0,6.010232914485425
2024-01-01,4.094078989328528,3.497611717922794,7.637189648999921,4.094078989328528,4.094078989328528,1.4767908312022795,1.4767908312022795,1.4767908312022795,1.4767908312022795,1.4767908312022795,1.4767908312022795,0.0,0.0,0.0,5.570869820530808
2024-01-02,4.114603123014428,1.3064305158551408,5.6167166108720465,4.114603123014428,4.114603123014428,-0.6718873949136404,-0.6718873949136404,-0.6718873949136404,-0.6718873949136404,-0.6718873949136404,-0.6718873949136404,0.0,0.0,0.0,3.4427157281007874
2024-01-03,4.135127256700328,0.9585850150517445,5.316223321757892,4.135127256700328,4.135127256700328,-1.0001800426062428,-1.0001800426062428,-1.0001800426062428,-1.0001800426062428,-1.0001800426062428,-1.0001800426062428,0.0,0.0,0.0,3.1349472140940855
2024-01-04,4.155651390386228,1.4767596996067107,5.917789708810365,4.155651390386228,4.155651390386228,-0.48279798000094104,-0.48279798000094104,-0.48279798000094104,-0.48279798000094104,-0.48279798000094104,-0.48279798000094104,0.0,0.0,0.0,3.672853410385287
2024-01-05,4.1761755240721286,1.3005569488172226,5.844440830010943,4.1761755240721286,4.1761755240721286,-0.542015926426846,-0.542015926426846,-0.542015926426846,-0.542015926426846,-0.542015926426846,-0.542015926426846,0.0,0.0,0.0,3.6341595976452825
2024-01-06,4.196699657758028,1.4414535970070663,5.655804385735964,4.196699657758028,4.196699657758028,-0.7165875460966673,-0.7165875460966673,-0.7165875460966673,-0.7165875460966673,-0.7165875460966673,-0.7165875460966673,0.0,0.0,0.0,3.480112111661361
2024-01-07,4.21722379144393,3.9133424238605135,8.548622276345618,4.21722379144393,4.21722379144393,1.9366780588437775,1.9366780588437775,1.9366780588437775,1.9366780588437775,1.9366780588437775,1.9366780588437775,0.0,0.0,0.0,6.153901850287707
2024-01-08,4.237747925129829,3.607369507696441,7.783725859027362,4.237747925129829,4.237747925129829,1.4767908312088274,1.4767908312088274,1.4767908312088274,1.4767908312088274,1.4767908312088274,1.4767908312088274,0.0,0.0,0.0,5.714538756338657
2024-01-09,4.25827205881573,1.3059857045911039,5.732720087371752,4.25827205881573,4.25827205881573,-0.6718873949154707,-0.6718873949154707,-0.6718873949154707,-0.6718873949154707,-0.6718873949154707,-0.6718873949154707,0.0,0.0,0.0,3.586384663900259
2024-01-10,4.27879619250163,1.204603776107091,5.371273035805383,4.27879619250163,4.27879619250163,-1.0001800426032568,-1.0001800426032568,-1.0001800426032568,-1.0001800426032568,-1.0001800426032568,-1.0001800426032568,0.0,0.0,0.0,3.278616149898373
2024-01-11,4.29932032618753,1.5651535437066522,6.002895235199818,4.29932032618753,4.29932032618753,-0.48279797999970864,-0.48279797999970864,-0.48279797999970864,-0.48279797999970864,-0.48279797999970864,-0.48279797999970864,0.0,0.0,0.0,3.8165223461878215
2024-01-12,4.31984445987343,1.6768200759006309,5.89477237446668,4.31984445987343,4.31984445987343,-0.5420159264278515,-0.5420159264278515,-0.5420159264278515,-0.5420159264278515,-0.5420159264278515,-0.5420159264278515,0.0,0.0,0.0,3.7778285334455783
2024-01-13,4.34036859355933,1.5094459563878315,5.854951064760185,4.34036859355933,4.34036859355933,-0.7165875461022259,-0.7165875461022259,-0.7165875461022259,-0.7165875461022259,-0.7165875461022259,-0.7165875461022259,0.0,0.0,0.0,3.6237810474571046
2024-01-14,4.36089272724523,4.165544613056093,8.48771774637344,4.36089272724523,4.36089272724523,1.9366780588458974,1.9366780588458974,1.9366780588458974,1.9366780588458974,1.9366780588458974,1.9366780588458974,0.0,0.0,0.0,6.297570786091128
2024-01-15,4.38141686093113,3.8380094417921233,8.027035694986774,4.38141686093113,4.38141686093113,1.4767908312078677,1.4767908312078677,1.4767908312078677,1.4767908312078677,1.4767908312078677,1.4767908312078677,0.0,0.0,0.0,5.858207692138997
2024-01-16,4.40194099461703,1.5517992644586953,5.878847749856253,4.40194099461703,4.40194099461703,-0.6718873949173009,-0.6718873949173009,-0.6718873949173009,-0.6718873949173009,-0.6718873949173009,-0.6718873949173009,0.0,0.0,0.0,3.7300535996997293
2024-01-17,4.42246512830293,1.1179776910961372,5.603981485747996,4.42246512830293,4.42246512830293,-1.0001800426041216,-1.0001800426041216,-1.0001800426041216,-1.0001800426041216,-1.0001800426041216,-1.0001800426041216,0.0,0.0,0.0,3.4222850856988085
2024-01-18,4.442989261988831,1.7581530523212727,6.135650182571643,4.442989261988831,4.442989261988831,-0.48279797999989416,-0.48279797999989416,-0.48279797999989416,-0.48279797999989416,-0.48279797999989416,-0.48279797999989416,0.0,0.0,0.0,3.960191281988937
2024-01-19,4.463513395674732,1.8458985084162065,6.058158035071819,4.463513395674732,4.463513395674732,-0.5420159264288569,-0.5420159264288569,-0.5420159264288569,-0.5420159264288569,-0.5420159264288569,-0.5420159264288569,0.0,0.0,0.0,3.921497469245875
2024-01-20,4.484037529360632,1.73201721087309,6.021372870706296,4.484037529360632,4.484037529360632,-0.7165875461009137,-0.7165875461009137,-0.7165875461009137,-0.7165875461009137,-0.7165875461009137,-0.7165875461009137,0.0,0.0,0.0,3.767449983259718
2024-01-21,4.504561663046532,4.07526709427238,8.611906420918164,4.504561663046532,4.504561663046532,1.936678058845735,1.936678058845735,1.936678058845735,1.936678058845735,1.936678058845735,1.936678058845735,0.0,0.0,0.0,6.441239721892267
2024-01-22,4.525085796732432,3.7438648322303854,7.9795426232357896,4.525085796732432,4.525085796732432,1.4767908312069076,1.4767908312069076,1.4767908312069076,1.4767908312069076,1.4767908312069076,1.4767908312069076,0.0,0.0,0.0,6.001876627939339
2024-01-23,4.5456099304183315,1.5796836637000098,5.865207915964375,4.5456099304183315,4.5456099304183315,-0.6718873949170792,-0.6718873949170792,-0.6718873949170792,-0.6718873949170792,-0.6718873949170792,-0.6718873949170792,0.0,0.0,0.0,3.873722535501252
2024-01-24,4.566134064104233,1.3512587967304932,5.573873588219361,4.566134064104233,4.566134064104233,-1.0001800426064886,-1.0001800426064886,-1.0001800426064886,-1.0001800426064886,-1.0001800426064886,-1.0001800426064886,0.0,0.0,0.0,3.5659540214977445
2024-01-25,4.586658197790133,1.7652998266648336,6.219175115208347,4.586658197790133,4.586658197790133,-0.48279797999866175,-0.48279797999866175,-0.48279797999866175,-0.48279797999866175,-0.48279797999866175,-0.48279797999866175,0.0,0.0,0.0,4.103860217791471
2024-01-26,4.607182331476033,2.1593302542226303,6.24777159579,4.607182331476033,4.607182331476033,-0.542015926429233,-0.542015926429233,-0.542015926429233,-0.542015926429233,-0.542015926429233,-0.542015926429233,0.0,0.0,0.0,4.0651664050468
2024-01-27,4.627706465161933,1.7146824997162462,6.0715987464389904,4.627706465161933,4.627706465161933,-0.7165875460996014,-0.7165875460996014,-0.7165875460996014,-0.7165875460996014,-0.7165875460996014,-0.7165875460996014,0.0,0.0,0.0,3.9111189190623312
2024-01-28,4.648230598847833,4.459092038149756,8.691791142345322,4.648230598847833,4.648230598847833,1.936678058847855,1.936678058847855,1.936678058847855,1.936678058847855,1.936678058847855,1.936678058847855,0.0,0.0,0.0,6.584908657695689
2024-01-29,4.668754732533734,3.9694290764062496,8.201072302561034,4.668754715800312,4.668754748420222,1.4767908312134557,1.4767908312134557,1.4767908312134557,1.4767908312134557,1.4767908312134557,1.4767908312134557,0.0,0.0,0.0,6.14554556374719
2024-01-30,4.689278866219633,1.7955593530354677,6.089050386304309,4.6892788197761925,4.689278919202013,-0.6718873949168574,-0.6718873949168574,-0.6718873949168574,-0.6718873949168574,-0.6718873949168574,-0.6718873949168574,0.0,0.0,0.0,4.017391471302775
2024-01-31,4.709802999905533,1.5345807398956577,5.974404673031879,4.709802906062723,4.709803110928417,-1.000180042605428,-1.000180042605428,-1.000180042605428,-1.000180042605428,-1.000180042605428,-1.000180042605428,0.0,0.0,0.0,3.7096229573001054
2024-02-01,4.730327133591434,2.104124946686889,6.4702806123416945,4.730326973028891,4.730327312408399,-0.48279798000243906,-0.48279798000243906,-0.48279798000243906,-0.48279798000243906,-0.48279798000243906,-0.48279798000243906,0.0,0.0,0.0,4.247529153588995
2024-02-02,4.7508512672773335,2.0814793671637957,6.385018445253985,4.750851024119606,4.750851521653756,-0.5420159264296089,-0.5420159264296089,-0.5420159264296089,-0.5420159264296089,-0.5420159264296089,-0.5420159264296089,0.0,0.0,0.0,4.208835340847725
2024-02-03,4.771375400963233,1.9890370874967067,6.2739220372319915,4.771375069912866,4.771375741333471,-0.7165875460985732,-0.7165875460985732,-0.7165875460985732,-0.7165875460985732,-0.7165875460985732,-0.7165875460985732,0.0,0.0,0.0,4.05478785486466
2024-02-04,4.791899534649135,4.786775498326354,8.930903701893554,4.79189911106282,4.79189995337007,1.9366780588420127,1.9366780588420127,1.9366780588420127,1.9366780588420127,1.9366780588420127,1.9366780588420127,0.0,0.0,0.0,6.728577593491147
2024-02-05,4.812423668335035,4.156579869666185,8.381313062566713,4.812423157612497,4.812424197817407,1.4767908312107236,1.4767908312107236,1.4767908312107236,1.4767908312107236,1.4767908312107236,1.4767908312107236,0.0,0.0,0.0,6.289214499545759
2024-02-06,4.832947802020935,2.032369152491102,6.254263772066449,4.832947200144237,4.832948442650932,-0.6718873949186878,-0.6718873949186878,-0.6718873949186878,-0.6718873949186878,-0.6718873949186878,-0.6718873949186878,0.0,0.0,0.0,4.161060407102247
2024-02-07,4.853471935706835,1.68209551408948,5.923551446603175,4.853471219867604,4.853472735664708,-1.0001800426043672,-1.0001800426043672,-1.0001800426043672,-1.0001800426043672,-1.0001800426043672,-1.0001800426043672,0.0,0.0,0.0,3.853291893102468
2024-02-08,4.873996069392735,2.2404629081968843,6.611117188528587,4.873995206143376,4.873997024967806,-0.48279798000120666,-0.48279798000120666,-0.48279798000120666,-0.48279798000120666,-0.48279798000120666,-0.48279798000120666,0.0,0.0,0.0,4.391198089391528
2024-02-09,4.894520203078635,2.1415032706534403,6.458519091903288,4.894519197343897,4.894521259051705,-0.542015926427125,-0.542015926427125,-0.542015926427125,-0.542015926427125,-0.542015926427125,-0.542015926427125,0.0,0.0,0.0,4.352504276651509
2024-02-10,4.915044336764536,2.0899321678044207,6.26098549032706,4.9150432052535615,4.915045538357648,-0.7165875460975448,-0.7165875460975448,-0.7165875460975448,-0.7165875460975448,-0.7165875460975448,-0.7165875460975448,0.0,0.0,0.0,4.198456790666992
2024-02-11,4.935568470450437,4.675611249152164,8.919473370808152,4.935567238147567,4.935569816144408,1.9366780588429915,1.9366780588429915,1.9366780588429915,1.9366780588429915,1.9366780588429915,1.9366780588429915,0.0,0.0,0.0,6.872246529293428
2024-02-12,4.9560926041363365,4.18147230116249,8.675925353417586,4.956091245687371,4.956094135012134,1.476790831211536,1.476790831211536,1.476790831211536,1.476790831211536,1.476790831211536,1.476790831211536,0.0,0.0,0.0,6.432883435347873
2024-02-13,4.976616737822236,2.233103219135772,6.399368907623501,4.976615235474044,4.976618447986354,-0.671887394920518,-0.671887394920518,-0.671887394920518,-0.671887394920518,-0.671887394920518,-0.671887394920518,0.0,0.0,0.0,4.304729342901718
2024-02-14,4.997140871508137,1.8814189763394447,6.151047987517345,4.9971392183196235,4.997142723017975,-1.000180042605232,-1.000180042605232,-1.000180042605232,-1.000180042605232,-1.000180042605232,-1.000180042605232,0.0,0.0,0.0,3.9969608289029046
2024-02-15,5.017665005194036,2.335222469332021,6.731043536307434,5.017663215231287,5.017667002635638,-0.4827979800013922,-0.4827979800013922,-0.4827979800013922,-0.4827979800013922,-0.4827979800013922,-0.4827979800013922,0.0,0.0,0.0,4.534867025192645
2024-02-16,5.038189138879937,2.21949631472803,6.411183426141306,5.038187203423999,5.038191323457621,-0.5420159264281303,-0.5420159264281303,-0.5420159264281303,-0.5420159264281303,-0.5420159264281303,-0.5420159264281303,0.0,0.0,0.0,4.496173212451806
2024-02-17,5.058713272565837,2.2842569900956806,6.620767893425518,5.058711183154357,5.058715638658399,-0.7165875460962325,-0.7165875460962325,-0.7165875460962325,-0.7165875460962325,-0.7165875460962325,-0.7165875460962325,0.0,0.0,0.0,4.342125726469604
2024-02-18,5.079237406251737,4.861387447755368,9.345502121405397,5.079235212053648,5.079239991087217,1.9366780588439703,1.9366780588439703,1.9366780588439703,1.9366780588439703,1.9366780588439703,1.9366780588439703,0.0,0.0,0.0,7.015915465095707
2024-02-19,5.099761539937637,4.431732348810479,8.754171153721966,5.09975916703352,5.099764358768408,1.476790831208804,1.476790831208804,1.476790831208804,1.476790831208804,1.476790831208804,1.476790831208804,0.0,0.0,0.0,6.576552371146441
2024-02-20,5.120285673623538,2.3907363627436227,6.747422102546337,5.120283130129836,5.12028867850476,-0.6718873949148408,-0.6718873949148408,-0.6718873949148408,-0.6718873949148408,-0.6718873949148408,-0.6718873949148408,0.0,0.0,0.0,4.448398278708697
2024-02-21,5.140809807309438,2.0045505479969123,6.17715261104594,5.140807119560321,5.140812993825545,-1.0001800426060972,-1.0001800426060972,-1.0001800426060972,-1.0001800426060972,-1.0001800426060972,-1.0001800426060972,0.0,0.0,0.0,4.140629764703341
2024-02-22,5.161333940995338,2.569277008677327,6.983094898802758,5.161331085247076,5.16133732174272,-0.4827979800001598,-0.4827979800001598,-0.4827979800001598,-0.4827979800001598,-0.4827979800001598,-0.4827979800001598,0.0,0.0,0.0,4.678535960995178
2024-02-23,5.181858074681238,2.5169132629956024,6.783381634926408,5.181855028677497,5.181861744965813,-0.542015926427877,-0.542015926427877,-0.542015926427877,-0.542015926427877,-0.542015926427877,-0.542015926427877,0.0,0.0,0.0,4.639842148253361
2024-02-24,5.202382208367139,2.2814119633516055,6.569769307579869,5.202379017837927,5.202385957921405,-0.7165875460949206,-0.7165875460949206,-0.7165875460949206,-0.7165875460949206,-0.7165875460949206,-0.7165875460949206,0.0,0.0,0.0,4.485794662272218
2024-02-25,5.222906342053038,5.039452689353564,9.187170008611732,5.222903006447564,5.222910352858623,1.9366780588381283,1.9366780588381283,1.9366780588381283,1.9366780588381283,1.9366780588381283,1.9366780588381283,0.0,0.0,0.0,7.159584400891166
2024-02-26,5.243430475738938,4.594529450004691,8.924412446593598,5.243426870777152,5.243434698541472,1.4767908312078442,1.4767908312078442,1.4767908312078442,1.4767908312078442,1.4767908312078442,1.4767908312078442,0.0,0.0,0.0,6.720221306946782
2024-02-27,5.2639546094248395,2.489470291622016,6.508244634965311,5.263950809893531,5.263959026641024,-0.6718873949146189,-0.6718873949146189,-0.6718873949146189,-0.6718873949146189,-0.6718873949146189,-0.6718873949146189,0.0,0.0,0.0,4.59206721451022
2024-02-28,5.28447874311074,2.0319459774420414,6.238534738693767,5.284474815851488,5.28448332047616,-1.0001800426065381,-1.0001800426065381,-1.0001800426065381,-1.0001800426065381,-1.0001800426065381,-1.0001800426065381,0.0,0.0,0.0,4.284298700504202
2024-02-29,5.30500287679664,2.652689333098337,7.015064777933754,5.304998754066697,5.305007696528524,-0.48279798000034535,-0.48279798000034535,-0.48279798000034535,-0.48279798000034535,-0.48279798000034535,-0.48279798000034535,0.0,0.0,0.0,4.822204896796294
2024-03-01,5.325527010482539,2.5847610334636477,6.917297257603764,5.325522727903599,5.325531994066141,-0.5420159264288825,-0.5420159264288825,-0.5420159264288825,-0.5420159264288825,-0.5420159264288825,-0.5420159264288825,0.0,0.0,0.0,4.783511084053657
2024-03-02,5.34605114416844,2.5436480752014483,6.722257280648314,5.346046645728374,5.34605632766592,-0.716587546100479,-0.716587546100479,-0.716587546100479,-0.716587546100479,-0.716587546100479,-0.716587546100479,0.0,0.0,0.0,4.629463598067961
2024-03-03,5.36657527785434,5.161180800354823,9.520357443799718,5.366570547152673,5.366580645578187,1.936678058839107,1.936678058839107,1.936678058839107,1.936678058839107,1.936678058839107,1.936678058839107,0.0,0.0,0.0,7.303253336693446
2024-03-04,5.38709941154024,4.689771166393386,8.95565066065389,5.387094499311855,5.387104940952631,1.4767908312051126,1.4767908312051126,1.4767908312051126,1.4767908312051126,1.4767908312051126,1.4767908312051126,0.0,0.0,0.0,6.863890242745352
2024-03-05,5.407623545226141,2.6047183168652728,6.790839966088162,5.407618409991972,5.407629307614806,-0.6718873949185014,-0.6718873949185014,-0.6718873949185014,-0.6718873949185014,-0.6718873949185014,-0.6718873949185014,0.0,0.0,0.0,4.735736150307639
2024-03-06,5.42814767891204,2.1454731778424754,6.555192146516656,5.428142287346761,5.4281536229527845,-1.000180042603552,-1.000180042603552,-1.000180042603552,-1.000180042603552,-1.000180042603552,-1.000180042603552,0.0,0.0,0.0,4.427967636308488
2024-03-07,5.44867181259794,2.7618396693942446,7.2148496008106715,5.44866616984861,5.448677972526526,-0.4827979800012867,-0.4827979800012867,-0.4827979800012867,-0.4827979800012867,-0.4827979800012867,-0.4827979800012867,0.0,0.0,0.0,4.965873832596653
2024-03-08,5.4691959462838415,2.8739337560711387,7.0691473098064534,5.4691901176038895,5.4692023385330195,-0.5420159264292584,-0.5420159264292584,-0.5420159264292584,-0.5420159264292584,-0.5420159264292584,-0.5420159264292584,0.0,0.0,0.0,4.927180019854583
2024-03-09,5.489720079969741,2.5467606624354913,6.876687442752374,5.489714002617768,5.48972669513596,-0.7165875460994509,-0.7165875460994509,-0.7165875460994509,-0.7165875460994509,-0.7165875460994509,-0.7165875460994509,0.0,0.0,0.0,4.773132533870291
2024-03-10,5.510244213655641,5.169706508365826,9.703664023372946,5.51023788922432,5.510251023280841,1.9366780588412262,1.9366780588412262,1.9366780588412262,1.9366780588412262,1.9366780588412262,1.9366780588412262,0.0,0.0,0.0,7.446922272496867
2024-03-11,5.530768347341541,4.905156903142466,9.285146867676481,5.530761714997946,5.530775460392924,1.4767908312041529,1.4767908312041529,1.4767908312041529,1.4767908312041529,1.4767908312041529,1.4767908312041529,0.0,0.0,0.0,7.007559178545694
2024-03-12,5.551292481027442,2.7041296718134658,6.875980148579563,5.551285652929913,5.551299794260402,-0.6718873949182796,-0.6718873949182796,-0.6718873949182796,-0.6718873949182796,-0.6718873949182796,-0.6718873949182796,0.0,0.0,0.0,4.879405086109163
2024-03-13,5.571816614713342,2.389108968944007,6.747392389619004,5.571809500512179,5.571824200096748,-1.000180042604417,-1.000180042604417,-1.000180042604417,-1.000180042604417,-1.000180042604417,-1.000180042604417,0.0,0.0,0.0,4.5716365721089245
2024-03-14,5.592340748399241,3.033728745419506,7.233316461276044,5.592333447281706,5.592348534250303,-0.4827979800014723,-0.4827979800014723,-0.4827979800014723,-0.4827979800014723,-0.4827979800014723,-0.4827979800014723,0.0,0.0,0.0,5.109542768397769
2024-03-15,5.612864882085143,2.853261825804479,7.413541187025457,5.612857355625294,5.612872896921063,-0.542015926430264,-0.542015926430264,-0.542015926430264,-0.542015926430264,-0.542015926430264,-0.542015926430264,0.0,0.0,0.0,5.070848955654879
2024-03-16,5.6333890157710425,2.8444302214780093,7.010300811213166,5.63338126396888,5.633397309235104,-0.7165875460978548,-0.7165875460978548,-0.7165875460978548,-0.7165875460978548,-0.7165875460978548,-0.7165875460978548,0.0,0.0,0.0,4.916801469673188
2024-03-17,5.653913149456943,5.537537049053611,9.850042075377567,5.6539050623130365,5.653921822140174,1.9366780588410646,1.9366780588410646,1.9366780588410646,1.9366780588410646,1.9366780588410646,1.9366780588410646,0.0,0.0,0.0,7.590591208298008
2024-03-18,5.674437283142844,4.94307179556536,9.233307537132537,5.674428872048652,5.67444609650512,1.476790831210701,1.476790831210701,1.476790831210701,1.476790831210701,1.476790831210701,1.476790831210701,0.0,0.0,0.0,7.151228114353545
2024-03-19,5.694961416828743,2.918308990659252,7.181710761217242,5.694952720020504,5.694970447294305,-0.6718873949201098,-0.6718873949201098,-0.6718873949201098,-0.6718873949201098,-0.6718873949201098,-0.6718873949201098,0.0,0.0,0.0,5.023074021908633
2024-03-20,5.715485550514643,2.5711202311428107,6.9207798140905945,5.715476636248057,5.715494832900385,-1.0001800426052818,-1.0001800426052818,-1.0001800426052818,-1.0001800426052818,-1.0001800426052818,-1.0001800426052818,0.0,0.0,0.0,4.7153055079093615
2024-03-21,5.7360096842005435,3.124781777118802,7.390071610530991,5.736000567169793,5.736019135923558,-0.4827979800002399,-0.4827979800002399,-0.4827979800002399,-0.4827979800002399,-0.4827979800002399,-0.4827979800002399,0.0,0.0,0.0,5.253211704200304
2024-03-22,5.756533817886444,3.090928840971456,7.219923778260226,5.756524422385763,5.7565436504317,-0.5420159264306399,-0.5420159264306399,-0.5420159264306399,-0.5420159264306399,-0.5420159264306399,-0.5420159264306399,0.0,0.0,0.0,5.214517891455804
2024-03-23,5.777057951572343,2.92336419469343,7.337988291479619,5.777048258839243,5.777068027332614,-0.7165875461036972,-0.7165875461036972,-0.7165875461036972,-0.7165875461036972,-0.7165875461036972,-0.7165875461036972,0.0,0.0,0.0,5.060470405468646
2024-03-24,5.797582085258243,5.63740849532928,9.985262378888368,5.797572025206066,5.797592459317336,1.9366780588431842,1.9366780588431842,1.9366780588431842,1.9366780588431842,1.9366780588431842,1.9366780588431842,0.0,0.0,0.0,7.734260144101428
2024-03-25,5.818106218944145,4.989872015615674,9.579120285543194,5.81809587788588,5.818116916146573,1.4767908312097404,1.4767908312097404,1.4767908312097404,1.4767908312097404,1.4767908312097404,1.4767908312097404,0.0,0.0,0.0,7.294897050153885
2024-03-26,5.8386303526300445,3.115546940522938,7.2259207312448135,5.838619700134645,5.838641313979514,-0.6718873949198882,-0.6718873949198882,-0.6718873949198882,-0.6718873949198882,-0.6718873949198882,-0.6718873949198882,0.0,0.0,0.0,5.166742957710156
2024-03-27,5.859154486315945,2.5696320123242287,7.307694155467272,5.859143610276359,5.859165726724306,-1.0001800426042209,-1.0001800426042209,-1.0001800426042209,-1.0001800426042209,-1.0001800426042209,-1.0001800426042209,0.0,0.0,0.0,4.858974443711724
2024-03-28,5.879678620001845,3.294273254184989,7.571631871661131,5.879667361241728,5.879690250042264,-0.4827979800018434,-0.4827979800018434,-0.4827979800018434,-0.4827979800018434,-0.4827979800018434,-0.4827979800018434,0.0,0.0,0.0,5.396880640000001
2024-03-29,5.900202753687745,3.2119721784593143,7.370957810579166,5.90019111682932,5.900214740443817,-0.5420159264281558,-0.5420159264281558,-0.5420159264281558,-0.5420159264281558,-0.5420159264281558,-0.5420159264281558,0.0,0.0,0.0,5.35818682725959
2024-03-30,5.920726887373645,3.109052443857611,7.282274510144497,5.920714890856232,5.920739082331209,-0.7165875461021011,-0.7165875461021011,-0.7165875461021011,-0.7165875461021011,-0.7165875461021011,-0.7165875461021011,0.0,0.0,0.0,5.204139341271544
2024-03-31,5.941251021059546,5.684307727502773,10.157908527456469,5.941238794097672,5.941263707222999,1.9366780588453039,1.9366780588453039,1.9366780588453039,1.9366780588453039,1.9366780588453039,1.9366780588453039,0.0,0.0,0.0,7.877929079904851
2024-04-01,5.961775154745446,5.2286244631608865,9.61322547762932,5.961762737977419,5.961788325624824,1.4767908312070088,1.4767908312070088,1.4767908312070088,1.4767908312070088,1.4767908312070088,1.4767908312070088,0.0,0.0,0.0,7.438565985952454
2024-04-02,5.982299288431346,2.988527027869333,7.391211422448542,5.982286600584891,5.9823126212691395,-0.6718873949162629,-0.6718873949162629,-0.6718873949162629,-0.6718873949162629,-0.6718873949162629,-0.6718873949162629,0.0,0.0,0.0,5.310411893515083
2024-04-03,6.002823422117246,2.8086097332365902,7.0718639195975275,6.002810465407985,6.002837182462629,-1.0001800426085137,-1.0001800426085137,-1.0001800426085137,-1.0001800426085137,-1.0001800426085137,-1.0001800426085137,0.0,0.0,0.0,5.002643379508733
2024-04-04,6.023347555803146,3.359847105226701,7.790357851897544,6.023334313716457,6.023361596586597,-0.4827979800006109,-0.4827979800006109,-0.4827979800006109,-0.4827979800006109,-0.4827979800006109,-0.4827979800006109,0.0,0.0,0.0,5.540549575802535
2024-04-05,6.0438716894890465,3.35764938840627,7.645196448560005,6.043858147733927,6.043885932066401,-0.542015926428532,-0.542015926428532,-0.542015926428532,-0.542015926428532,-0.542015926428532,-0.542015926428532,0.0,0.0,0.0,5.501855763060514
2024-04-06,6.064395823174946,3.220651059420588,7.547788454467426,6.064381719314234,6.0644104715524785,-0.7165875461010729,-0.7165875461010729,-0.7165875461010729,-0.7165875461010729,-0.7165875461010729,-0.7165875461010729,0.0,0.0,0.0,5.347808277073874
2024-04-07,6.084919956860847,5.986775502138745,10.171095388768485,6.084905603374382,6.084935063285776,1.9366780588462829,1.9366780588462829,1.9366780588462829,1.9366780588462829,1.9366780588462829,1.9366780588462829,0.0,0.0,0.0,8.021598015707129
2024-04-08,6.105444090546746,5.49196115092178,9.635957000114576,6.105429305809125,6.105459679784517,1.4767908312078213,1.4767908312078213,1.4767908312078213,1.4767908312078213,1.4767908312078213,1.4767908312078213,0.0,0.0,0.0,7.5822349217545675
2024-04-09,6.125968224232647,3.327908020405636,7.593145004360862,6.125953234400189,6.1259842797249675,-0.6718873949180931,-0.6718873949180931,-0.6718873949180931,-0.6718873949180931,-0.6718873949180931,-0.6718873949180931,0.0,0.0,0.0,5.454080829314554
2024-04-10,6.146492357918547,3.0390610985105146,7.229728399766177,6.146477016473533,6.146508745961754,-1.0001800426055274,-1.0001800426055274,-1.0001800426055274,-1.0001800426055274,-1.0001800426055274,-1.0001800426055274,0.0,0.0,0.0,5.146312315313019
2024-04-11,6.167016491604446,3.5345454760256514,7.816761382478691,6.1670007260366875,6.167033056261837,-0.48279797999937857,-0.48279797999937857,-0.48279797999937857,-0.48279797999937857,-0.48279797999937857,-0.48279797999937857,0.0,0.0,0.0,5.684218511605068
2024-04-12,6.187540625290348,3.3728733958252364,7.760800705821889,6.187524558523995,6.1875574706660315,-0.5420159264289081,-0.5420159264289081,-0.5420159264289081,-0.5420159264289081,-0.5420159264289081,-0.5420159264289081,0.0,0.0,0.0,5.64552469886144
2024-04-13,6.208064758976248,3.295629789172962,7.6170502226668,6.2080484364576725,6.208081993522687,-0.7165875460997607,-0.7165875460997607,-0.7165875460997607,-0.7165875460997607,-0.7165875460997607,-0.7165875460997607,0.0,0.0,0.0,5.491477212876488
2024-04-14,6.228588892662148,5.833188012491724,10.3063963910675,6.228572282095967,6.228606535779785,1.9366780588415813,1.9366780588415813,1.9366780588415813,1.9366780588415813,1.9366780588415813,1.9366780588415813,0.0,0.0,0.0,8.16526695150373
2024-04-15,6.249113026348048,5.661747049022486,9.861837550652151,6.249096023076961,6.249131057683354,1.4767908312050892,1.4767908312050892,1.4767908312050892,1.4767908312050892,1.4767908312050892,1.4767908312050892,0.0,0.0,0.0,7.725903857553137
2024-04-16,6.269637160033948,3.4093425199651355,7.67179794161314,6.269619874432176,6.269655484222348,-0.6718873949199234,-0.6718873949199234,-0.6718873949199234,-0.6718873949199234,-0.6718873949199234,-0.6718873949199234,0.0,0.0,0.0,5.597749765114025
2024-04-17,6.29016129371985,3.1342130119309286,7.449540134134588,6.29014365643523,6.290179937345472,-1.000180042606392,-1.000180042606392,-1.000180042606392,-1.000180042606392,-1.000180042606392,-1.000180042606392,0.0,0.0,0.0,5.289981251113458
2024-04-18,6.310685427405749,3.819360162273956,8.033348388135094,6.310667429287159,6.310704280820138,-0.48279797999956403,-0.48279797999956403,-0.48279797999956403,-0.48279797999956403,-0.48279797999956403,-0.48279797999956403,0.0,0.0,0.0,5.8278874474061855
2024-04-19,6.331209561091649,3.6117067574005906,8.181027652081395,6.331191244146737,6.331228798485973,-0.5420159264264242,-0.5420159264264242,-0.5420159264264242,-0.5420159264264242,-0.5420159264264242,-0.5420159264264242,0.0,0.0,0.0,5.789193634665224
2024-04-20,6.35173369477755,3.4055645144756537,7.6733973178550725,6.351715063392232,6.351753288594868,-0.7165875460984485,-0.7165875460984485,-0.7165875460984485,-0.7165875460984485,-0.7165875460984485,-0.7165875460984485,0.0,0.0,0.0,5.635146148679101
2024-04-21,6.372257828463449,6.124878556394054,10.442681425439302,6.372238896648005,6.37227770438151,1.9366780588414194,1.9366780588414194,1.9366780588414194,1.9366780588414194,1.9366780588414194,1.9366780588414194,0.0,0.0,0.0,8.30893588730487
2024-04-22,6.39278196214935,5.6342454784862195,9.941456605989302,6.392762683770097,6.392802238413932,1.4767908312023572,1.4767908312023572,1.4767908312023572,1.4767908312023572,1.4767908312023572,1.4767908312023572,0.0,0.0,0.0,7.869572793351707
2024-04-23,6.41330609583525,3.5178872244813877,7.824231488995158,6.413286433551458,6.4133266821094415,-0.6718873949197018,-0.6718873949197018,-0.6718873949197018,-0.6718873949197018,-0.6718873949197018,-0.6718873949197018,0.0,0.0,0.0,5.741418700915548
2024-04-24,6.43383022952115,3.330646564547464,7.530578564639542,6.433810080520424,6.433851195546848,-1.0001800426053316,-1.0001800426053316,-1.0001800426053316,-1.0001800426053316,-1.0001800426053316,-1.0001800426053316,0.0,0.0,0.0,5.433650186915818
2024-04-25,6.45435436320705,3.7733968013330283,8.026089475295219,6.454334164442521,6.454375628873443,-0.4827979799990875,-0.4827979799990875,-0.4827979799990875,-0.4827979799990875,-0.4827979799990875,-0.4827979799990875,0.0,0.0,0.0,5.971556383207962
2024-04-26,6.47487849689295,3.868541808229946,8.193788191382941,6.474857712076983,6.4749000492897855,-0.5420159264274294,-0.5420159264274294,-0.5420159264274294,-0.5420159264274294,-0.5420159264274294,-0.5420159264274294,0.0,0.0,0.0,5.932862570465521
2024-04-27,6.49540263057885,3.6265297688707596,7.85227636803362,6.495381342975572,6.4954245072826655,-0.7165875460971365,-0.7165875460971365,-0.7165875460971365,-0.7165875460971365,-0.7165875460971365,-0.7165875460971365,0.0,0.0,0.0,5.778815084481714
2024-04-28,6.51592676426475,6.3622559740489075,10.491324843840948,6.515904920185125,6.515949075570032,1.936678058843539,1.936678058843539,1.936678058843539,1.936678058843539,1.936678058843539,1.936678058843539,0.0,0.0,0.0,8.452604823108288
2024-04-29,6.536450897950651,5.770395141841846,10.036355829388697,6.53642904022241,6.536473621071916,1.4767908312106772,1.4767908312106772,1.4767908312106772,1.4767908312106772,1.4767908312106772,1.4767908312106772,0.0,0.0,0.0,8.013241729161328
2024-04-30,6.556975031636552,3.8518465680027454,8.052144344320956,6.556952866812317,6.556998064609804,-0.6718873949140246,-0.6718873949140246,-0.6718873949140246,-0.6718873949140246,-0.6718873949140246,-0.6718873949140246,0.0,0.0,0.0,5.885087636722527
2024-05-01,6.577499165322451,3.538846500802692,7.657681455430446,6.577476693402223,6.577522622670996,-1.0001800426042708,-1.0001800426042708,-1.0001800426042708,-1.0001800426042708,-1.0001800426042708,-1.0001800426042708,0.0,0.0,0.0,5.577319122718181
2024-05-02,6.598023299008352,3.912396710853301,8.370263903582885,6.598000489942486,6.598047024849378,-0.48279798000069096,-0.48279798000069096,-0.48279798000069096,-0.48279798000069096,-0.48279798000069096,-0.48279798000069096,0.0,0.0,0.0,6.115225319007661
2024-05-03,6.6185474326942515,3.888112201733451,8.104246068790346,6.618524066799888,6.618571454782225,-0.542015926427176,-0.542015926427176,-0.542015926427176,-0.542015926427176,-0.542015926427176,-0.542015926427176,0.0,0.0,0.0,6.0765315062670755
2024-05-04,6.639071566380151,3.830390274420475,8.21383551333994,6.639047833828938,6.639096110564571,-0.7165875460961082,-0.7165875460961082,-0.7165875460961082,-0.7165875460961082,-0.7165875460961082,-0.7165875460961082,0.0,0.0,0.0,5.922484020284043
2024-05-05,6.659595700066053,6.481931151336636,10.813355857935166,6.659571612307342,6.659620617433824,1.9366780588445176,1.9366780588445176,1.9366780588445176,1.9366780588445176,1.9366780588445176,1.9366780588445176,0.0,0.0,0.0,8.59627375891057
2024-05-06,6.680119833751953,5.9836811101870735,10.376705270147214,6.680095592655708,6.680145262100187,1.4767908312079456,1.4767908312079456,1.4767908312079456,1.4767908312079456,1.4767908312079456,1.4767908312079456,0.0,0.0,0.0,8.156910664959899
2024-05-07,6.700643967437853,3.9408158984291366,8.122007763040527,6.700619284428783,6.700669745843289,-0.6718873949138027,-0.6718873949138027,-0.6718873949138027,-0.6718873949138027,-0.6718873949138027,-0.6718873949138027,0.0,0.0,0.0,6.02875657252405
2024-05-08,6.7211681011237525,3.6778885807258743,7.875562770188696,6.721143151811262,6.7211941780238735,-1.0001800426032101,-1.0001800426032101,-1.0001800426032101,-1.0001800426032101,-1.0001800426032101,-1.0001800426032101,0.0,0.0,0.0,5.720988058520542
2024-05-09,6.741692234809653,4.1066370370730905,8.359678932712796,6.74166680438537,6.741718588451879,-0.48279797999945856,-0.48279797999945856,-0.48279797999945856,-0.48279797999945856,-0.48279797999945856,-0.48279797999945856,0.0,0.0,0.0,6.258894254810195
2024-05-10,6.762216368495554,3.974964595895745,8.360651281448423,6.762190460202172,6.762243255041774,-0.5420159264281814,-0.5420159264281814,-0.5420159264281814,-0.5420159264281814,-0.5420159264281814,-0.5420159264281814,0.0,0.0,0.0,6.220200442067372
2024-05-11,6.782740502181453,4.033581605142142,8.217577929597784,6.782714224359228,6.782767786560988,-0.7165875461016668,-0.7165875461016668,-0.7165875461016668,-0.7165875461016668,-0.7165875461016668,-0.7165875461016668,0.0,0.0,0.0,6.066152956079787
2024-05-12,6.803264635867353,6.638257511161923,10.949024496651058,6.803237871046608,6.803292387876689,1.9366780588454966,1.9366780588454966,1.9366780588454966,1.9366780588454966,1.9366780588454966,1.9366780588454966,0.0,0.0,0.0,8.73994269471285
2024-05-13,6.8237887695532535,6.035702959851207,10.280613013183197,6.823761516606007,6.823816963747223,1.4767908312087576,1.4767908312087576,1.4767908312087576,1.4767908312087576,1.4767908312087576,1.4767908312087576,0.0,0.0,0.0,8.300579600762012
2024-05-14,6.844312903239153,4.139487952194638,8.419719068017113,6.844285397108027,6.844341556060949,-0.6718873949176851,-0.6718873949176851,-0.6718873949176851,-0.6718873949176851,-0.6718873949176851,-0.6718873949176851,0.0,0.0,0.0,6.172425508321468
2024-05-15,6.864837036925055,3.670958148531665,7.92680207000281,6.864809440162566,6.8648660685986425,-1.0001800426040748,-1.0001800426040748,-1.0001800426040748,-1.0001800426040748,-1.0001800426040748,-1.0001800426040748,0.0,0.0,0.0,5.864656994320979
2024-05-16,6.885361170610954,4.423300830057942,8.434938271562444,6.885333247338301,6.885390337672683,-0.48279798000181795,-0.48279798000181795,-0.48279798000181795,-0.48279798000181795,-0.48279798000181795,-0.48279798000181795,0.0,0.0,0.0,6.402563190609136
2024-05-17,6.905885304296855,4.1968633267540145,8.557359152211449,6.905857199897019,6.90591492372069,-0.5420159264291868,-0.5420159264291868,-0.5420159264291868,-0.5420159264291868,-0.5420159264291868,-0.5420159264291868,0.0,0.0,0.0,6.363869377867668
2024-05-18,6.9264094379827545,4.10598436389639,8.335180348129635,6.926380944620794,6.926439497441347,-0.7165875461006384,-0.7165875461006384,-0.7165875461006384,-0.7165875461006384,-0.7165875461006384,-0.7165875461006384,0.0,0.0,0.0,6.209821891882116
2024-05-19,6.946933571668655,6.6330318420258765,11.040217860238954,6.946904591330428,6.94696393268312,1.9366780588464751,1.9366780588464751,1.9366780588464751,1.9366780588464751,1.9366780588464751,1.9366780588464751,0.0,0.0,0.0,8.88361163051513
2024-05-20,6.967457705354555,6.269453690749106,10.71347901930174,6.967428426302913,6.967488428783364,1.476790831206026,1.476790831206026,1.476790831206026,1.476790831206026,1.476790831206026,1.476790831206026,0.0,0.0,0.0,8.44424853656058
2024-05-21,6.9879818390404544,4.255944942334289,8.642004409781212,6.987952232430074,6.988012789526485,-0.6718873949174635,-0.6718873949174635,-0.6718873949174635,-0.6718873949174635,-0.6718873949174635,-0.6718873949174635,0.0,0.0,0.0,6.3160944441229905
2024-05-22,7.008505972726356,3.6837631103597177,8.111813794554054,7.008475900546286,7.008537241398483,-1.000180042606442,-1.000180042606442,-1.000180042606442,-1.000180042606442,-1.000180042606442,-1.000180042606442,0.0,0.0,0.0,6.008325930119914
2024-05-23,7.0290301064122565,4.409033668896921,8.62460399656437,7.028999576583663,7.02906186928521,-0.4827979800005855,-0.4827979800005855,-0.4827979800005855,-0.4827979800005855,-0.4827979800005855,-0.4827979800005855,0.0,0.0,0.0,6.546232126411671
2024-05-24,7.049554240098156,4.347852473473913,8.685281979266065,7.049523303454326,7.049586230242287,-0.5420159264289335,-0.5420159264289335,-0.5420159264289335,-0.5420159264289335,-0.5420159264289335,-0.5420159264289335,0.0,0.0,0.0,6.507538313669222
2024-05-25,7.070078373784056,4.319430069462644,8.559563356486176,7.070046984720402,7.0701105530347235,-0.7165875460990423,-0.7165875460990423,-0.7165875460990423,-0.7165875460990423,-0.7165875460990423,-0.7165875460990423,0.0,0.0,0.0,6.353490827685014
2024-05-26,7.090602507469956,6.847907570149779,11.257635375014678,7.0905706475685015,7.090635009127452,1.9366780588406332,1.9366780588406332,1.9366780588406332,1.9366780588406332,1.9366780588406332,1.9366780588406332,0.0,0.0,0.0,9.027280566310589
2024-05-27,7.111126641155856,6.457235665255886,10.748807875331075,7.111094245637669,7.111159708260785,1.4767908312125737,1.4767908312125737,1.4767908312125737,1.4767908312125737,1.4767908312125737,1.4767908312125737,0.0,0.0,0.0,8.58791747236843
2024-05-28,7.131650774841757,4.442282626831143,8.570029256059868,7.131617782107872,7.131684407394119,-0.6718873949172417,-0.6718873949172417,-0.6718873949172417,-0.6718873949172417,-0.6718873949172417,-0.6718873949172417,0.0,0.0,0.0,6.459763379924515
2024-05-29,7.152174908527657,3.958604562462002,8.249164720561001,7.152141296133425,7.152209027491726,-1.0001800426073069,-1.0001800426073069,-1.0001800426073069,-1.0001800426073069,-1.0001800426073069,-1.0001800426073069,0.0,0.0,0.0,6.151994865920351
2024-05-30,7.172699042213557,4.484500407551069,8.827819210657168,7.172664876773384,7.172733651442996,-0.482797980000771,-0.482797980000771,-0.482797980000771,-0.482797980000771,-0.482797980000771,-0.482797980000771,0.0,0.0,0.0,6.689901062212786
2024-05-31,7.1932231758994565,4.60095412842039,8.79131449332388,7.19318878987357,7.193258279164359,-0.5420159264299388,-0.5420159264299388,-0.5420159264299388,-0.5420159264299388,-0.5420159264299388,-0.5420159264299388,0.0,0.0,0.0,6.651207249469517
2024-06-01,7.213747309585358,4.326996098441741,8.704353235811343,7.21371259112489,7.213783181033987,-0.7165875460980142,-0.7165875460980142,-0.7165875460980142,-0.7165875460980142,-0.7165875460980142,-0.7165875460980142,0.0,0.0,0.0,6.4971597634873435
2024-06-02,7.2342714432712585,6.9046940362730975,11.420090464977035,7.234236173417054,7.23430788605245,1.9366780588416121,1.9366780588416121,1.9366780588416121,1.9366780588416121,1.9366780588416121,1.9366780588416121,0.0,0.0,0.0,9.17094950211287
2024-06-03,7.254795576957157,6.429587540806324,10.754720816819589,7.254759693606565,7.254832625993138,1.4767908312098421,1.4767908312098421,1.4767908312098421,1.4767908312098421,1.4767908312098421,1.4767908312098421,0.0,0.0,0.0,8.731586408166999
2024-06-04,7.275319710643058,4.531008079269824,8.825206920790922,7.275283288522836,7.275357566933516,-0.671887394921124,-0.671887394921124,-0.671887394921124,-0.671887394921124,-0.671887394921124,-0.671887394921124,0.0,0.0,0.0,6.603432315721934
2024-06-05,7.295843844328958,4.169256324876264,8.32494488020643,7.295806975782184,7.295882113170566,-1.0001800426043204,-1.0001800426043204,-1.0001800426043204,-1.0001800426043204,-1.0001800426043204,-1.0001800426043204,0.0,0.0,0.0,6.295663801724638
2024-06-06,7.316367978014858,4.748430203112442,8.813443492113812,7.316330665033316,7.316406679660334,-0.4827979800009566,-0.4827979800009566,-0.4827979800009566,-0.4827979800009566,-0.4827979800009566,-0.4827979800009566,0.0,0.0,0.0,6.8335699980139015
2024-06-07,7.3368921117007595,4.65349685904354,8.888224005894937,7.336854465923051,7.336931360003782,-0.5420159264274549,-0.5420159264274549,-0.5420159264274549,-0.5420159264274549,-0.5420159264274549,-0.5420159264274549,0.0,0.0,0.0,6.794876185273305
2024-06-08,7.357416245386659,4.572264042064329,8.747130572396719,7.357378307253201,7.357456044175078,-0.7165875460969859,-0.7165875460969859,-0.7165875460969859,-0.7165875460969859,-0.7165875460969859,-0.7165875460969859,0.0,0.0,0.0,6.640828699289673
2024-06-09,7.37794037907256,7.176543574588041,11.536351828789707,7.377901911199539,7.3779807707363,1.9366780588437316,1.9366780588437316,1.9366780588437316,1.9366780588437316,1.9366780588437316,1.9366780588437316,0.0,0.0,0.0,9.314618437916291
2024-06-10,7.398464512758459,6.915253716559919,10.943697682471784,7.3984256941049225,7.398505444191454,1.4767908312088824,1.4767908312088824,1.4767908312088824,1.4767908312088824,1.4767908312088824,1.4767908312088824,0.0,0.0,0.0,8.875255343967343
2024-06-11,7.41898864644436,4.59254721772266,8.913758977219281,7.418949636382759,7.41903014693945,-0.6718873949209024,-0.6718873949209024,-0.6718873949209024,-0.6718873949209024,-0.6718873949209024,-0.6718873949209024,0.0,0.0,0.0,6.747101251523458
2024-06-12,7.43951278013026,4.420235103841103,8.582095068134906,7.439473370634514,7.439554889861405,-1.0001800426066874,-1.0001800426066874,-1.0001800426066874,-1.0001800426066874,-1.0001800426066874,-1.0001800426066874,0.0,0.0,0.0,6.439332737523572
2024-06-13,7.460036913816159,4.9183888907986555,9.115467290179279,7.459997153849749,7.460079597532429,-0.48279798000114216,-0.48279798000114216,-0.48279798000114216,-0.48279798000114216,-0.48279798000114216,-0.48279798000114216,0.0,0.0,0.0,6.977238933815017
2024-06-14,7.48056104750206,4.835483862330887,9.182244022350773,7.480521011451829,7.480604354690503,-0.5420159264284605,-0.5420159264284605,-0.5420159264284605,-0.5420159264284605,-0.5420159264284605,-0.5420159264284605,0.0,0.0,0.0,6.9385451210735996
2024-06-15,7.50108518118796,4.612029087835147,8.887805166656065,7.501044871002187,7.5011290311665455,-0.7165875460953898,-0.7165875460953898,-0.7165875460953898,-0.7165875460953898,-0.7165875460953898,-0.7165875460953898,0.0,0.0,0.0,6.7844976350925705
2024-06-16,7.52160931487386,7.43320014382929,11.671044150354358,7.521568756290828,7.521653732336974,1.9366780588435695,1.9366780588435695,1.9366780588435695,1.9366780588435695,1.9366780588435695,1.9366780588435695,0.0,0.0,0.0,9.458287373717429
2024-06-17,7.54213344855976,6.758587243187404,11.221367809350827,7.5420926707358875,7.542178274214691,1.4767908312079225,1.4767908312079225,1.4767908312079225,1.4767908312079225,1.4767908312079225,1.4767908312079225,0.0,0.0,0.0,9.018924279767683
2024-06-18,7.562657582245661,4.697497599136645,9.067093550320658,7.562616542054565,7.562702957277321,-0.671887394915225,-0.671887394915225,-0.671887394915225,-0.671887394915225,-0.671887394915225,-0.671887394915225,0.0,0.0,0.0,6.890770187330436
2024-06-19,7.583181715931562,4.611073782731376,8.672580163579065,7.583140436183113,7.583227695514923,-1.0001800426056269,-1.0001800426056269,-1.0001800426056269,-1.0001800426056269,-1.0001800426056269,-1.0001800426056269,0.0,0.0,0.0,6.583001673325935
2024-06-20,7.603705849617461,5.024082872128628,9.174587567618278,7.603664326926958,7.603752324622439,-0.4827979799999097,-0.4827979799999097,-0.4827979799999097,-0.4827979799999097,-0.4827979799999097,-0.4827979799999097,0.0,0.0,0.0,7.120907869617552
2024-06-21,7.624229983303361,4.8015331857878145,9.428758224334368,7.6241879969729816,7.624277020104491,-0.5420159264288362,-0.5420159264288362,-0.5420159264288362,-0.5420159264288362,-0.5420159264288362,-0.5420159264288362,0.0,0.0,0.0,7.082214056874525
2024-06-22,7.644754116989262,4.641813402583114,8.949696600160406,7.644711429393706,7.6448017105135975,-0.7165875460943616,-0.7165875460943616,-0.7165875460943616,-0.7165875460943616,-0.7165875460943616,-0.7165875460943616,0.0,0.0,0.0,6.9281665708949
2024-06-23,7.665278250675161,7.385863053855451,11.722254590828555,7.665234868039192,7.6653263900494695,1.9366780588388681,1.9366780588388681,1.9366780588388681,1.9366780588388681,1.9366780588388681,1.9366780588388681,0.0,0.0,0.0,9.60195630951403
2024-06-24,7.685802384361063,6.959755035831038,11.18669197843258,7.685758367750255,7.685851069585343,1.4767908312069622,1.4767908312069622,1.4767908312069622,1.4767908312069622,1.4767908312069622,1.4767908312069622,0.0,0.0,0.0,9.162593215568025
2024-06-25,7.7063265180469624,4.870404089879183,9.132040112102692,7.706281834060997,7.706375749121216,-0.6718873949150033,-0.6718873949150033,-0.6718873949150033,-0.6718873949150033,-0.6718873949150033,-0.6718873949150033,0.0,0.0,0.0,7.034439123131959
2024-06-26,7.726850651732863,4.6779112596733565,8.909288369245758,7.726805271820497,7.726900425979006,-1.0001800426064915,-1.0001800426064915,-1.0001800426064915,-1.0001800426064915,-1.0001800426064915,-1.0001800426064915,0.0,0.0,0.0,6.726670609126371
2024-06-27,7.747374785418763,5.146889072936338,9.389523296094781,7.747328750848377,7.747425050247739,-0.4827979800015132,-0.4827979800015132,-0.4827979800015132,-0.4827979800015132,-0.4827979800015132,-0.4827979800015132,0.0,0.0,0.0,7.264576805417249
2024-06-28,7.767898919104663,5.136940735060838,9.506872710360481,7.767852334245688,7.7679496784330295,-0.5420159264292125,-0.5420159264292125,-0.5420159264292125,-0.5420159264292125,-0.5420159264292125,-0.5420159264292125,0.0,0.0,0.0,7.225882992675451
2024-06-29,7.788423052790563,4.892390358295571,9.27870502266681,7.788375969414223,7.788474456034625,-0.7165875460996363,-0.7165875460996363,-0.7165875460996363,-0.7165875460996363,-0.7165875460996363,-0.7165875460996363,0.0,0.0,0.0,7.071835506690927
2024-06-30,7.808947186476463,7.527524888664606,11.829127154587422,7.808899604224104,7.808999182622645,1.936678058839847,1.936678058839847,1.936678058839847,1.936678058839847,1.936678058839847,1.936678058839847,0.0,0.0,0.0,9.74562524531631
2024-07-01,7.829471320162363,7.094180495067293,11.510690037564784,7.829423368158069,7.829523920616097,1.4767908312042308,1.4767908312042308,1.4767908312042308,1.4767908312042308,1.4767908312042308,1.4767908312042308,0.0,0.0,0.0,9.306262151366594
2024-07-02,7.849995453848264,5.008675395594932,9.298620509712197,7.849947151347051,7.850048737735496,-0.6718873949168336,-0.6718873949168336,-0.6718873949168336,-0.6718873949168336,-0.6718873949168336,-0.6718873949168336,0.0,0.0,0.0,7.17810805893143
2024-07-03,7.870519587534163,4.724281871381342,9.094378341961809,7.870470855728788,7.870573271439798,-1.0001800426073566,-1.0001800426073566,-1.0001800426073566,-1.0001800426073566,-1.0001800426073566,-1.0001800426073566,0.0,0.0,0.0,6.870339544926807
2024-07-04,7.891043721220063,5.355387534403648,9.387010527619669,7.89099443796941,7.891097777693355,-0.4827979800010367,-0.4827979800010367,-0.4827979800010367,-0.4827979800010367,-0.4827979800010367,-0.4827979800010367,0.0,0.0,0.0,7.408245741219027
2024-07-05,7.9115678549059645,5.19096266992236,9.484208641652257,7.91151807960036,7.91162243436042,-0.5420159264295885,-0.5420159264295885,-0.5420159264295885,-0.5420159264295885,-0.5420159264295885,-0.5420159264295885,0.0,0.0,0.0,7.369551928476376
2024-07-06,7.932091988591864,5.06677450993554,9.303600837428862,7.932041791396767,7.932146878142991,-0.716587546098608,-0.716587546098608,-0.716587546098608,-0.716587546098608,-0.716587546098608,-0.716587546098608,0.0,0.0,0.0,7.215504442493256
2024-07-07,7.952616122277765,7.791195508815209,12.113851477685918,7.952565458110645,7.9526715099401075,1.9366780588419665,1.9366780588419665,1.9366780588419665,1.9366780588419665,1.9366780588419665,1.9366780588419665,0.0,0.0,0.0,9.88929418111973
2024-07-08,7.973140255963665,7.191715374111434,11.588522216294388,7.973089116086483,7.973196087176945,1.4767908312050424,1.4767908312050424,1.4767908312050424,1.4767908312050424,1.4767908312050424,1.4767908312050424,0.0,0.0,0.0,9.449931087168707
2024-07-09,7.993664389649565,5.23662471319213,9.752466192809791,7.99361275919546,7.993720750241858,-0.6718873949132085,-0.6718873949132085,-0.6718873949132085,-0.6718873949132085,-0.6718873949132085,-0.6718873949132085,0.0,0.0,0.0,7.321776994736356
2024-07-10,8.014188523335465,4.8344205841483,9.136847890446132,8.014136402304436,8.014245319167912,-1.00018004260437,-1.00018004260437,-1.00018004260437,-1.00018004260437,-1.00018004260437,-1.00018004260437,0.0,0.0,0.0,7.0140084807310945
2024-07-11,8.034712657021366,5.325248963437754,9.851106984351288,8.034660023085575,8.034770027010389,-0.4827979800012222,-0.4827979800012222,-0.4827979800012222,-0.4827979800012222,-0.4827979800012222,-0.4827979800012222,0.0,0.0,0.0,7.551914677020144
2024-07-12,8.055236790707266,5.359449748825698,9.825126593090335,8.05518355799039,8.05529479621469,-0.5420159264305939,-0.5420159264305939,-0.5420159264305939,-0.5420159264305939,-0.5420159264305939,-0.5420159264305939,0.0,0.0,0.0,7.513220864276672
2024-07-13,8.075760924393165,5.0428530989983695,9.42541945029424,8.075706872148446,8.075819434191772,-0.7165875460972958,-0.7165875460972958,-0.7165875460972958,-0.7165875460972958,-0.7165875460972958,-0.7165875460972958,0.0,0.0,0.0,7.3591733782958695
2024-07-14,8.096285058079065,8.116793200496256,12.215818380798213,8.0962302321558,8.096344072168854,1.9366780588440862,1.9366780588440862,1.9366780588440862,1.9366780588440862,1.9366780588440862,1.9366780588440862,0.0,0.0,0.0,10.03296311692315
2024-07-15,8.116809191764967,7.349703321612202,11.661323486106243,8.116754005347874,8.116868710145939,1.4767908312098186,1.4767908312098186,1.4767908312098186,1.4767908312098186,1.4767908312098186,1.4767908312098186,0.0,0.0,0.0,9.593600022974785
2024-07-16,8.137333325450866,5.29499498686857,9.527505265170582,8.137278155620356,8.13739349491966,-0.6718873949150388,-0.6718873949150388,-0.6718873949150388,-0.6718873949150388,-0.6718873949150388,-0.6718873949150388,0.0,0.0,0.0,7.465445930535827
2024-07-17,8.157857459136768,5.056773965950044,9.34837102882024,8.157801960846054,8.157918043812572,-1.0001800426052352,-1.0001800426052352,-1.0001800426052352,-1.0001800426052352,-1.0001800426052352,-1.0001800426052352,0.0,0.0,0.0,7.157677416531532
2024-07-18,8.178381592822667,5.6118182256894436,9.769593565875077,8.178325629951125,8.178442574607837,-0.4827979799999898,-0.4827979799999898,-0.4827979799999898,-0.4827979799999898,-0.4827979799999898,-0.4827979799999898,0.0,0.0,0.0,7.695583612822677
2024-07-19,8.198905726508567,5.497868138987905,9.834320210297774,8.198849264578872,8.198967222669072,-0.5420159264303404,-0.5420159264303404,-0.5420159264303404,-0.5420159264303404,-0.5420159264303404,-0.5420159264303404,0.0,0.0,0.0,7.656889800078226
2024-07-20,8.219429860194467,5.383586604274531,9.604327549559928,8.21937297161888,8.219491904202076,-0.7165875461028542,-0.7165875461028542,-0.7165875461028542,-0.7165875461028542,-0.7165875461028542,-0.7165875461028542,0.0,0.0,0.0,7.5028423140916125
2024-07-21,8.239953993880368,7.894684664132001,12.179438162856298,8.23989664978979,8.24001662030084,1.9366780588439245,1.9366780588439245,1.9366780588439245,1.9366780588439245,1.9366780588439245,1.9366780588439245,0.0,0.0,0.0,10.176632052724292
2024-07-22,8.260478127566268,7.478049677338507,11.806726056701086,8.260420177690753,8.260541305985516,1.4767908312088587,1.4767908312088587,1.4767908312088587,1.4767908312088587,1.4767908312088587,1.4767908312088587,0.0,0.0,0.0,9.737268958775127
2024-07-23,8.281002261252167,5.38552838298424,9.726047763312875,8.280943753664337,8.28106597645813,-0.6718873949148169,-0.6718873949148169,-0.6718873949148169,-0.6718873949148169,-0.6718873949148169,-0.6718873949148169,0.0,0.0,0.0,7.60911486633735
2024-07-24,8.301526394938069,5.154520444828912,9.565849688059116,8.301467267075775,8.30159064626771,-1.0001800426041743,-1.0001800426041743,-1.0001800426041743,-1.0001800426041743,-1.0001800426041743,-1.0001800426041743,0.0,0.0,0.0,7.301346352333894
2024-07-25,8.322050528623969,5.715449862923221,9.976696029513286,8.321990608331376,8.32211523435486,-0.4827979799987574,-0.4827979799987574,-0.4827979799987574,-0.4827979799987574,-0.4827979799987574,-0.4827979799987574,0.0,0.0,0.0,7.839252548625211
